emp_id,connection_date,device_mac,connection_time,disconnection_time,access_point,signal_strength,data_usage,connection_type,location
E001,2024-01-01,00:1B:44:11:3A:50,08:13,10:53,AP2,-56,203.61,Wi-Fi,Mumbai
E001,2024-01-01,00:1B:44:11:3A:58,09:01,12:24,AP2,-59,249.85,LAN,Mumbai
E001,2024-01-02,00:1B:44:11:3A:71,08:41,11:56,AP1,-73,146.69,Wi-Fi,Mumbai
E001,2024-01-02,00:1B:44:11:3A:55,09:39,12:28,AP1,-64,80.23,LAN,Mumbai
E001,2024-01-03,00:1B:44:11:3A:33,10:30,12:47,AP3,-49,269.45,Wi-Fi,Mumbai
E001,2024-01-04,00:1B:44:11:3A:43,10:32,14:05,AP1,-62,185.71,Wi-Fi,Mumbai
E001,2024-01-04,00:1B:44:11:3A:29,09:18,11:50,AP3,-77,435.5,LAN,Mumbai
E001,2024-01-05,00:1B:44:11:3A:79,10:42,14:28,AP3,-66,268.15,Wi-Fi,Mumbai
E001,2024-01-05,00:1B:44:11:3A:37,08:56,10:57,AP3,-57,138.14,LAN,Mumbai
E001,2024-01-05,00:1B:44:11:3A:79,08:46,10:46,AP2,-52,401.39,LAN,Mumbai
E001,2024-01-08,00:1B:44:11:3A:44,10:34,14:01,AP3,-70,216.69,LAN,Mumbai
E001,2024-01-08,00:1B:44:11:3A:89,10:42,13:59,AP1,-77,401.45,LAN,Mumbai
E001,2024-01-09,00:1B:44:11:3A:82,09:01,12:10,AP1,-67,125.16,LAN,Mumbai
E001,2024-01-09,00:1B:44:11:3A:70,08:53,11:12,AP1,-61,423.28,Wi-Fi,Mumbai
E001,2024-01-10,00:1B:44:11:3A:12,09:21,12:08,AP2,-77,258.38,LAN,Mumbai
E001,2024-01-10,00:1B:44:11:3A:54,08:47,11:55,AP2,-64,238.23,LAN,Mumbai
E001,2024-01-10,00:1B:44:11:3A:30,10:19,12:21,AP1,-60,181.72,LAN,Mumbai
E001,2024-01-11,00:1B:44:11:3A:39,10:49,14:20,AP2,-42,473.08,Wi-Fi,Mumbai
E001,2024-01-12,00:1B:44:11:3A:20,10:56,13:20,AP3,-53,416.75,LAN,Mumbai
E001,2024-01-12,00:1B:44:11:3A:63,10:38,12:44,AP3,-42,218.27,Wi-Fi,Mumbai
E001,2024-01-15,00:1B:44:11:3A:90,10:48,12:55,AP1,-70,447.25,Wi-Fi,Mumbai
E001,2024-01-15,00:1B:44:11:3A:15,09:55,12:15,AP3,-80,90.87,LAN,Mumbai
E001,2024-01-15,00:1B:44:11:3A:37,10:28,13:54,AP1,-45,447.65,LAN,Mumbai
E001,2024-01-16,00:1B:44:11:3A:62,09:21,13:17,AP2,-56,312.79,Wi-Fi,Mumbai
E001,2024-01-17,00:1B:44:11:3A:27,08:47,12:36,AP2,-42,340.7,Wi-Fi,Mumbai
E001,2024-01-17,00:1B:44:11:3A:44,09:10,12:01,AP1,-80,130.97,LAN,Mumbai
E001,2024-01-17,00:1B:44:11:3A:78,08:06,11:52,AP1,-49,391.94,Wi-Fi,Mumbai
E001,2024-01-18,00:1B:44:11:3A:62,08:03,10:34,AP1,-50,351.45,LAN,Mumbai
E001,2024-01-19,00:1B:44:11:3A:82,09:15,11:18,AP1,-71,260.78,LAN,Mumbai
E001,2024-01-19,00:1B:44:11:3A:78,10:57,14:18,AP2,-51,480.44,Wi-Fi,Mumbai
E001,2024-01-22,00:1B:44:11:3A:73,10:29,12:34,AP3,-44,84.97,LAN,Mumbai
E001,2024-01-23,00:1B:44:11:3A:48,10:51,14:50,AP2,-58,279.6,Wi-Fi,Mumbai
E001,2024-01-23,00:1B:44:11:3A:40,09:57,13:12,AP1,-57,76.43,Wi-Fi,Mumbai
E001,2024-01-23,00:1B:44:11:3A:64,08:05,11:02,AP1,-78,232.5,LAN,Mumbai
E001,2024-01-24,00:1B:44:11:3A:96,09:42,12:59,AP3,-43,202.0,LAN,Mumbai
E001,2024-01-24,00:1B:44:11:3A:12,10:25,12:48,AP1,-41,114.89,Wi-Fi,Mumbai
E001,2024-01-24,00:1B:44:11:3A:90,10:49,13:54,AP2,-61,312.46,Wi-Fi,Mumbai
E001,2024-01-25,00:1B:44:11:3A:94,08:55,12:20,AP3,-58,155.23,Wi-Fi,Mumbai
E001,2024-01-26,00:1B:44:11:3A:62,10:04,12:16,AP3,-74,177.85,LAN,Mumbai
E001,2024-01-29,00:1B:44:11:3A:45,09:55,13:47,AP3,-44,264.79,LAN,Mumbai
E001,2024-01-29,00:1B:44:11:3A:74,08:05,10:57,AP2,-43,306.96,Wi-Fi,Mumbai
E001,2024-01-29,00:1B:44:11:3A:30,10:04,13:50,AP2,-54,184.26,LAN,Mumbai
E001,2024-01-30,00:1B:44:11:3A:95,08:31,11:53,AP2,-77,89.06,Wi-Fi,Mumbai
E001,2024-01-31,00:1B:44:11:3A:65,08:36,12:10,AP1,-46,223.6,LAN,Mumbai
E001,2024-01-31,00:1B:44:11:3A:96,10:30,13:38,AP2,-57,61.67,Wi-Fi,Mumbai
E001,2024-02-01,00:1B:44:11:3A:76,08:54,11:11,AP2,-73,373.78,Wi-Fi,Mumbai
E001,2024-02-01,00:1B:44:11:3A:30,09:00,12:07,AP2,-51,111.42,LAN,Mumbai
E001,2024-02-02,00:1B:44:11:3A:36,08:05,10:52,AP1,-77,471.51,Wi-Fi,Mumbai
E001,2024-02-02,00:1B:44:11:3A:58,10:35,12:39,AP2,-44,199.85,LAN,Mumbai
E001,2024-02-05,00:1B:44:11:3A:93,09:59,12:22,AP2,-79,167.43,Wi-Fi,Mumbai
E001,2024-02-06,00:1B:44:11:3A:74,08:07,11:17,AP3,-42,80.12,Wi-Fi,Mumbai
E001,2024-02-06,00:1B:44:11:3A:87,10:25,14:21,AP2,-57,273.0,Wi-Fi,Mumbai
E001,2024-02-07,00:1B:44:11:3A:69,09:08,12:51,AP3,-55,448.96,LAN,Mumbai
E001,2024-02-08,00:1B:44:11:3A:20,10:18,12:25,AP3,-54,131.07,LAN,Mumbai
E001,2024-02-08,00:1B:44:11:3A:38,10:54,13:01,AP2,-75,442.27,LAN,Mumbai
E001,2024-02-08,00:1B:44:11:3A:88,10:14,13:35,AP1,-76,63.27,LAN,Mumbai
E001,2024-02-09,00:1B:44:11:3A:13,08:52,11:44,AP1,-43,343.83,LAN,Mumbai
E001,2024-02-09,00:1B:44:11:3A:83,10:47,14:12,AP1,-78,465.72,LAN,Mumbai
E001,2024-02-09,00:1B:44:11:3A:37,09:00,12:13,AP1,-57,186.44,Wi-Fi,Mumbai
E001,2024-02-12,00:1B:44:11:3A:31,09:49,13:37,AP3,-69,54.22,LAN,Mumbai
E001,2024-02-13,00:1B:44:11:3A:67,10:31,12:50,AP3,-53,295.98,Wi-Fi,Mumbai
E001,2024-02-14,00:1B:44:11:3A:27,08:43,11:40,AP3,-44,203.93,LAN,Mumbai
E001,2024-02-14,00:1B:44:11:3A:91,09:38,12:58,AP3,-43,152.78,Wi-Fi,Mumbai
E001,2024-02-15,00:1B:44:11:3A:34,09:50,12:27,AP3,-41,61.5,Wi-Fi,Mumbai
E001,2024-02-16,00:1B:44:11:3A:44,09:25,12:13,AP1,-73,231.79,Wi-Fi,Mumbai
E001,2024-02-16,00:1B:44:11:3A:67,08:16,11:26,AP1,-73,492.78,LAN,Mumbai
E001,2024-02-16,00:1B:44:11:3A:52,09:46,13:36,AP3,-47,109.75,LAN,Mumbai
E001,2024-02-19,00:1B:44:11:3A:80,08:22,11:35,AP3,-60,478.94,LAN,Mumbai
E001,2024-02-19,00:1B:44:11:3A:13,09:01,12:42,AP2,-47,195.38,Wi-Fi,Mumbai
E001,2024-02-19,00:1B:44:11:3A:89,08:37,11:44,AP2,-56,107.54,LAN,Mumbai
E001,2024-02-20,00:1B:44:11:3A:30,09:32,11:55,AP2,-73,263.91,Wi-Fi,Mumbai
E001,2024-02-21,00:1B:44:11:3A:86,09:04,12:59,AP3,-44,413.0,LAN,Mumbai
E001,2024-02-21,00:1B:44:11:3A:74,10:28,14:03,AP1,-45,326.41,LAN,Mumbai
E001,2024-02-21,00:1B:44:11:3A:52,08:45,11:46,AP1,-78,372.49,Wi-Fi,Mumbai
E001,2024-02-22,00:1B:44:11:3A:31,09:13,11:53,AP3,-79,324.4,LAN,Mumbai
E001,2024-02-22,00:1B:44:11:3A:18,08:50,12:06,AP3,-48,478.07,Wi-Fi,Mumbai
E001,2024-02-22,00:1B:44:11:3A:98,10:07,14:03,AP2,-64,485.54,Wi-Fi,Mumbai
E001,2024-02-23,00:1B:44:11:3A:46,10:52,14:05,AP1,-51,350.55,LAN,Mumbai
E001,2024-02-23,00:1B:44:11:3A:65,09:49,13:39,AP3,-49,178.64,LAN,Mumbai
E001,2024-02-26,00:1B:44:11:3A:66,10:48,14:18,AP3,-77,246.19,LAN,Mumbai
E001,2024-02-27,00:1B:44:11:3A:27,10:49,13:06,AP1,-54,190.85,Wi-Fi,Mumbai
E001,2024-02-27,00:1B:44:11:3A:71,10:59,14:45,AP1,-64,57.99,Wi-Fi,Mumbai
E001,2024-02-28,00:1B:44:11:3A:21,09:27,12:22,AP2,-63,145.89,LAN,Mumbai
E001,2024-02-28,00:1B:44:11:3A:89,09:33,11:45,AP1,-43,120.1,LAN,Mumbai
E001,2024-02-29,00:1B:44:11:3A:65,10:18,12:24,AP2,-53,144.83,Wi-Fi,Mumbai
E001,2024-02-29,00:1B:44:11:3A:13,09:07,13:04,AP2,-80,235.85,LAN,Mumbai
E001,2024-02-29,00:1B:44:11:3A:24,09:05,12:26,AP1,-59,218.76,Wi-Fi,Mumbai
E001,2024-03-01,00:1B:44:11:3A:66,08:30,11:30,AP2,-73,299.23,LAN,Mumbai
E001,2024-03-04,00:1B:44:11:3A:83,09:00,11:50,AP3,-64,217.11,LAN,Mumbai
E001,2024-03-04,00:1B:44:11:3A:38,10:13,14:10,AP1,-68,265.96,Wi-Fi,Mumbai
E001,2024-03-05,00:1B:44:11:3A:27,10:03,12:10,AP1,-57,269.86,LAN,Mumbai
E001,2024-03-05,00:1B:44:11:3A:87,09:28,11:39,AP3,-58,90.7,Wi-Fi,Mumbai
E001,2024-03-06,00:1B:44:11:3A:18,08:43,12:23,AP2,-42,357.09,LAN,Mumbai
E001,2024-03-06,00:1B:44:11:3A:30,09:04,11:40,AP3,-53,148.47,LAN,Mumbai
E001,2024-03-07,00:1B:44:11:3A:87,10:00,12:04,AP1,-49,361.27,Wi-Fi,Mumbai
E001,2024-03-07,00:1B:44:11:3A:91,08:20,11:28,AP1,-60,459.35,LAN,Mumbai
E001,2024-03-08,00:1B:44:11:3A:17,09:57,13:28,AP2,-51,344.78,LAN,Mumbai
E001,2024-03-11,00:1B:44:11:3A:19,09:29,12:33,AP2,-74,145.83,LAN,Mumbai
E001,2024-03-11,00:1B:44:11:3A:70,09:35,12:11,AP3,-57,72.96,LAN,Mumbai
E001,2024-03-11,00:1B:44:11:3A:34,10:47,13:22,AP1,-57,332.49,LAN,Mumbai
E001,2024-03-12,00:1B:44:11:3A:30,08:35,11:47,AP1,-51,374.06,Wi-Fi,Mumbai
E001,2024-03-12,00:1B:44:11:3A:33,10:21,13:26,AP2,-73,393.51,Wi-Fi,Mumbai
E001,2024-03-12,00:1B:44:11:3A:76,09:02,11:07,AP3,-62,406.91,LAN,Mumbai
E001,2024-03-13,00:1B:44:11:3A:55,10:09,13:49,AP1,-59,69.98,LAN,Mumbai
E001,2024-03-13,00:1B:44:11:3A:30,08:37,10:45,AP3,-67,341.94,Wi-Fi,Mumbai
E001,2024-03-14,00:1B:44:11:3A:76,09:00,12:42,AP3,-69,91.62,LAN,Mumbai
E001,2024-03-14,00:1B:44:11:3A:46,10:03,12:32,AP3,-47,100.15,Wi-Fi,Mumbai
E001,2024-03-14,00:1B:44:11:3A:80,09:40,11:51,AP3,-71,458.13,LAN,Mumbai
E001,2024-03-15,00:1B:44:11:3A:10,09:16,11:40,AP2,-52,394.47,Wi-Fi,Mumbai
E001,2024-03-18,00:1B:44:11:3A:18,09:25,12:47,AP2,-46,214.78,Wi-Fi,Mumbai
E001,2024-03-18,00:1B:44:11:3A:82,10:51,13:30,AP2,-78,238.52,LAN,Mumbai
E001,2024-03-19,00:1B:44:11:3A:20,09:21,11:26,AP2,-60,478.83,Wi-Fi,Mumbai
E001,2024-03-19,00:1B:44:11:3A:99,09:57,12:51,AP1,-59,310.21,LAN,Mumbai
E001,2024-03-20,00:1B:44:11:3A:89,10:43,12:48,AP3,-77,497.39,Wi-Fi,Mumbai
E001,2024-03-20,00:1B:44:11:3A:52,08:31,12:16,AP1,-74,342.56,LAN,Mumbai
E001,2024-03-20,00:1B:44:11:3A:18,10:50,14:37,AP3,-54,411.54,Wi-Fi,Mumbai
E001,2024-03-21,00:1B:44:11:3A:80,08:54,12:15,AP1,-51,284.43,Wi-Fi,Mumbai
E001,2024-03-22,00:1B:44:11:3A:95,08:36,12:23,AP3,-68,335.86,Wi-Fi,Mumbai
E001,2024-03-22,00:1B:44:11:3A:54,10:08,13:21,AP2,-77,450.7,Wi-Fi,Mumbai
E001,2024-03-22,00:1B:44:11:3A:22,09:07,12:00,AP1,-45,52.09,LAN,Mumbai
E001,2024-03-25,00:1B:44:11:3A:71,10:19,12:56,AP1,-53,79.35,Wi-Fi,Mumbai
E001,2024-03-26,00:1B:44:11:3A:44,08:22,12:02,AP2,-49,186.97,LAN,Mumbai
E001,2024-03-27,00:1B:44:11:3A:81,09:55,13:34,AP3,-50,464.83,Wi-Fi,Mumbai
E001,2024-03-28,00:1B:44:11:3A:41,08:08,10:47,AP1,-61,263.38,LAN,Mumbai
E001,2024-03-28,00:1B:44:11:3A:21,08:20,12:16,AP2,-49,158.65,Wi-Fi,Mumbai
E001,2024-03-29,00:1B:44:11:3A:90,08:58,11:19,AP3,-55,276.41,LAN,Mumbai
E001,2024-03-29,00:1B:44:11:3A:55,10:09,13:40,AP2,-59,420.36,Wi-Fi,Mumbai
E001,2024-03-29,00:1B:44:11:3A:82,09:47,12:36,AP1,-73,201.99,LAN,Mumbai
E001,2024-04-01,00:1B:44:11:3A:35,10:22,13:59,AP1,-70,211.57,LAN,Mumbai
E001,2024-04-01,00:1B:44:11:3A:16,09:55,12:58,AP2,-77,277.16,Wi-Fi,Mumbai
E001,2024-04-02,00:1B:44:11:3A:37,10:40,12:40,AP1,-72,229.86,Wi-Fi,Mumbai
E001,2024-04-02,00:1B:44:11:3A:12,09:27,11:41,AP2,-77,480.78,LAN,Mumbai
E001,2024-04-02,00:1B:44:11:3A:17,10:29,13:15,AP3,-46,388.3,Wi-Fi,Mumbai
E001,2024-04-03,00:1B:44:11:3A:37,09:24,13:10,AP2,-58,226.7,Wi-Fi,Mumbai
E001,2024-04-03,00:1B:44:11:3A:67,10:32,12:37,AP2,-77,370.27,LAN,Mumbai
E001,2024-04-03,00:1B:44:11:3A:24,10:33,13:50,AP3,-66,182.53,Wi-Fi,Mumbai
E001,2024-04-04,00:1B:44:11:3A:54,09:13,11:53,AP1,-43,253.41,Wi-Fi,Mumbai
E001,2024-04-05,00:1B:44:11:3A:19,08:57,11:13,AP2,-45,102.49,Wi-Fi,Mumbai
E001,2024-04-05,00:1B:44:11:3A:28,08:40,12:04,AP2,-61,395.22,LAN,Mumbai
E001,2024-04-05,00:1B:44:11:3A:51,08:53,11:41,AP2,-75,139.69,LAN,Mumbai
E001,2024-04-08,00:1B:44:11:3A:51,09:46,12:44,AP3,-46,460.33,Wi-Fi,Mumbai
E001,2024-04-09,00:1B:44:11:3A:21,09:11,12:10,AP2,-61,420.52,LAN,Mumbai
E001,2024-04-09,00:1B:44:11:3A:84,09:32,12:32,AP3,-56,64.09,Wi-Fi,Mumbai
E001,2024-04-09,00:1B:44:11:3A:73,10:10,13:56,AP1,-40,378.91,Wi-Fi,Mumbai
E001,2024-04-10,00:1B:44:11:3A:57,09:48,13:05,AP3,-55,230.19,Wi-Fi,Mumbai
E001,2024-04-10,00:1B:44:11:3A:95,09:35,11:53,AP1,-40,53.22,LAN,Mumbai
E001,2024-04-10,00:1B:44:11:3A:41,10:25,14:18,AP3,-70,288.92,Wi-Fi,Mumbai
E001,2024-04-11,00:1B:44:11:3A:71,10:58,14:31,AP2,-43,100.15,LAN,Mumbai
E001,2024-04-12,00:1B:44:11:3A:17,10:02,13:24,AP2,-79,455.68,Wi-Fi,Mumbai
E001,2024-04-15,00:1B:44:11:3A:64,09:23,12:43,AP1,-48,359.84,Wi-Fi,Mumbai
E001,2024-04-15,00:1B:44:11:3A:10,09:06,12:11,AP1,-59,360.61,Wi-Fi,Mumbai
E001,2024-04-16,00:1B:44:11:3A:52,10:31,13:02,AP1,-76,312.73,Wi-Fi,Mumbai
E001,2024-04-16,00:1B:44:11:3A:73,08:18,10:52,AP1,-47,292.27,Wi-Fi,Mumbai
E001,2024-04-17,00:1B:44:11:3A:82,08:19,12:11,AP1,-46,390.55,LAN,Mumbai
E001,2024-04-17,00:1B:44:11:3A:76,10:24,13:41,AP3,-48,376.1,Wi-Fi,Mumbai
E001,2024-04-18,00:1B:44:11:3A:11,10:29,14:02,AP1,-60,225.64,LAN,Mumbai
E001,2024-04-19,00:1B:44:11:3A:72,10:57,14:38,AP1,-51,319.56,Wi-Fi,Mumbai
E001,2024-04-22,00:1B:44:11:3A:48,10:11,13:02,AP2,-72,207.57,Wi-Fi,Mumbai
E001,2024-04-22,00:1B:44:11:3A:78,09:44,13:21,AP1,-45,86.29,Wi-Fi,Mumbai
E001,2024-04-23,00:1B:44:11:3A:16,08:30,11:52,AP1,-44,311.01,LAN,Mumbai
E001,2024-04-24,00:1B:44:11:3A:89,08:39,12:16,AP2,-53,161.66,LAN,Mumbai
E001,2024-04-24,00:1B:44:11:3A:23,09:27,13:02,AP2,-65,481.21,Wi-Fi,Mumbai
E001,2024-04-24,00:1B:44:11:3A:25,09:41,12:11,AP3,-48,399.15,Wi-Fi,Mumbai
E001,2024-04-25,00:1B:44:11:3A:68,09:20,11:23,AP2,-45,63.67,Wi-Fi,Mumbai
E001,2024-04-25,00:1B:44:11:3A:30,10:24,14:12,AP3,-64,199.9,Wi-Fi,Mumbai
E001,2024-04-25,00:1B:44:11:3A:93,08:52,12:28,AP2,-44,247.5,Wi-Fi,Mumbai
E001,2024-04-26,00:1B:44:11:3A:11,10:12,12:55,AP2,-47,317.68,Wi-Fi,Mumbai
E001,2024-04-26,00:1B:44:11:3A:71,10:19,13:52,AP3,-58,387.9,LAN,Mumbai
E001,2024-04-29,00:1B:44:11:3A:82,08:32,11:58,AP2,-40,393.67,LAN,Mumbai
E001,2024-04-29,00:1B:44:11:3A:96,09:11,12:20,AP1,-57,139.04,Wi-Fi,Mumbai
E001,2024-04-30,00:1B:44:11:3A:94,08:55,12:03,AP2,-64,431.04,LAN,Mumbai
E001,2024-04-30,00:1B:44:11:3A:14,10:46,14:25,AP2,-44,136.53,LAN,Mumbai
E001,2024-05-01,00:1B:44:11:3A:45,09:10,11:58,AP2,-66,54.97,LAN,Mumbai
E001,2024-05-01,00:1B:44:11:3A:72,09:12,12:18,AP2,-52,219.07,Wi-Fi,Mumbai
E001,2024-05-01,00:1B:44:11:3A:92,09:49,13:28,AP2,-48,439.59,Wi-Fi,Mumbai
E001,2024-05-02,00:1B:44:11:3A:17,10:25,14:06,AP2,-76,423.04,Wi-Fi,Mumbai
E001,2024-05-03,00:1B:44:11:3A:90,08:16,10:53,AP2,-75,487.67,LAN,Mumbai
E001,2024-05-06,00:1B:44:11:3A:40,08:15,12:05,AP2,-59,100.93,LAN,Mumbai
E001,2024-05-07,00:1B:44:11:3A:40,08:22,12:20,AP2,-59,123.75,Wi-Fi,Mumbai
E001,2024-05-07,00:1B:44:11:3A:83,10:18,13:45,AP2,-76,477.12,LAN,Mumbai
E001,2024-05-08,00:1B:44:11:3A:75,10:56,12:59,AP3,-76,122.65,Wi-Fi,Mumbai
E001,2024-05-08,00:1B:44:11:3A:21,09:27,13:09,AP2,-68,76.84,Wi-Fi,Mumbai
E001,2024-05-08,00:1B:44:11:3A:67,10:38,13:52,AP2,-76,413.01,LAN,Mumbai
E001,2024-05-09,00:1B:44:11:3A:28,09:19,11:36,AP1,-49,364.81,Wi-Fi,Mumbai
E001,2024-05-10,00:1B:44:11:3A:78,08:08,11:43,AP3,-53,445.26,LAN,Mumbai
E001,2024-05-10,00:1B:44:11:3A:19,09:21,13:12,AP2,-63,444.78,LAN,Mumbai
E001,2024-05-13,00:1B:44:11:3A:91,08:07,11:38,AP1,-74,99.44,LAN,Mumbai
E001,2024-05-13,00:1B:44:11:3A:31,09:18,13:15,AP2,-78,409.63,LAN,Mumbai
E001,2024-05-13,00:1B:44:11:3A:81,09:22,13:21,AP1,-66,104.17,Wi-Fi,Mumbai
E001,2024-05-14,00:1B:44:11:3A:78,08:32,11:05,AP2,-46,124.14,LAN,Mumbai
E001,2024-05-14,00:1B:44:11:3A:13,08:37,10:55,AP2,-74,230.73,Wi-Fi,Mumbai
E001,2024-05-14,00:1B:44:11:3A:32,10:04,13:51,AP3,-55,223.2,Wi-Fi,Mumbai
E001,2024-05-15,00:1B:44:11:3A:88,09:50,13:36,AP3,-49,254.73,Wi-Fi,Mumbai
E001,2024-05-15,00:1B:44:11:3A:47,08:04,10:24,AP1,-76,118.02,Wi-Fi,Mumbai
E001,2024-05-15,00:1B:44:11:3A:42,09:49,12:05,AP3,-63,404.21,LAN,Mumbai
E001,2024-05-16,00:1B:44:11:3A:29,10:39,13:50,AP3,-49,172.03,Wi-Fi,Mumbai
E001,2024-05-16,00:1B:44:11:3A:41,09:37,12:08,AP3,-51,163.21,Wi-Fi,Mumbai
E001,2024-05-16,00:1B:44:11:3A:82,09:07,12:13,AP3,-41,80.46,LAN,Mumbai
E001,2024-05-17,00:1B:44:11:3A:20,09:07,11:43,AP3,-40,205.8,LAN,Mumbai
E001,2024-05-20,00:1B:44:11:3A:79,09:23,13:00,AP2,-78,462.13,LAN,Mumbai
E001,2024-05-21,00:1B:44:11:3A:85,10:21,14:07,AP1,-52,446.54,Wi-Fi,Mumbai
E001,2024-05-21,00:1B:44:11:3A:41,08:02,11:50,AP2,-66,196.82,Wi-Fi,Mumbai
E001,2024-05-21,00:1B:44:11:3A:53,10:01,13:52,AP2,-50,350.43,LAN,Mumbai
E001,2024-05-22,00:1B:44:11:3A:35,08:17,11:05,AP2,-47,237.35,Wi-Fi,Mumbai
E001,2024-05-22,00:1B:44:11:3A:99,08:40,10:55,AP2,-67,394.29,LAN,Mumbai
E001,2024-05-22,00:1B:44:11:3A:67,10:38,14:29,AP3,-63,174.1,LAN,Mumbai
E001,2024-05-23,00:1B:44:11:3A:63,10:02,13:59,AP1,-77,359.76,Wi-Fi,Mumbai
E001,2024-05-23,00:1B:44:11:3A:48,09:58,13:40,AP3,-56,468.65,Wi-Fi,Mumbai
E001,2024-05-24,00:1B:44:11:3A:48,10:05,12:39,AP2,-59,323.16,Wi-Fi,Mumbai
E001,2024-05-24,00:1B:44:11:3A:52,08:54,12:08,AP2,-41,143.94,Wi-Fi,Mumbai
E001,2024-05-24,00:1B:44:11:3A:78,08:48,12:17,AP1,-61,299.86,LAN,Mumbai
E001,2024-05-27,00:1B:44:11:3A:27,08:05,11:31,AP1,-69,314.87,LAN,Mumbai
E001,2024-05-27,00:1B:44:11:3A:51,10:07,12:55,AP2,-76,422.85,Wi-Fi,Mumbai
E001,2024-05-27,00:1B:44:11:3A:20,08:28,11:00,AP1,-47,450.47,Wi-Fi,Mumbai
E001,2024-05-28,00:1B:44:11:3A:72,08:37,12:14,AP1,-64,466.88,Wi-Fi,Mumbai
E001,2024-05-29,00:1B:44:11:3A:89,10:52,14:06,AP1,-45,477.94,LAN,Mumbai
E001,2024-05-30,00:1B:44:11:3A:64,09:15,11:24,AP3,-72,211.17,LAN,Mumbai
E001,2024-05-31,00:1B:44:11:3A:83,09:45,13:38,AP1,-72,445.31,Wi-Fi,Mumbai
E001,2024-06-03,00:1B:44:11:3A:39,08:00,10:40,AP1,-68,216.05,Wi-Fi,Mumbai
E001,2024-06-03,00:1B:44:11:3A:96,09:13,11:30,AP2,-59,413.49,Wi-Fi,Mumbai
E001,2024-06-04,00:1B:44:11:3A:33,08:35,10:35,AP1,-49,321.13,Wi-Fi,Mumbai
E001,2024-06-05,00:1B:44:11:3A:33,08:32,12:21,AP1,-73,417.27,LAN,Mumbai
E001,2024-06-06,00:1B:44:11:3A:68,08:47,11:08,AP1,-63,375.44,Wi-Fi,Mumbai
E001,2024-06-07,00:1B:44:11:3A:31,09:25,12:48,AP1,-40,210.15,LAN,Mumbai
E001,2024-06-07,00:1B:44:11:3A:26,09:49,13:37,AP2,-75,307.46,LAN,Mumbai
E001,2024-06-10,00:1B:44:11:3A:75,09:44,13:07,AP2,-49,297.22,Wi-Fi,Mumbai
E001,2024-06-11,00:1B:44:11:3A:91,09:22,12:42,AP2,-70,377.03,Wi-Fi,Mumbai
E001,2024-06-11,00:1B:44:11:3A:62,09:08,13:03,AP1,-44,50.6,LAN,Mumbai
E001,2024-06-12,00:1B:44:11:3A:80,08:05,12:02,AP1,-60,379.73,LAN,Mumbai
E001,2024-06-12,00:1B:44:11:3A:45,10:13,13:49,AP2,-64,247.66,Wi-Fi,Mumbai
E001,2024-06-13,00:1B:44:11:3A:34,10:25,13:50,AP1,-67,158.36,Wi-Fi,Mumbai
E001,2024-06-13,00:1B:44:11:3A:25,09:26,11:29,AP2,-41,107.18,LAN,Mumbai
E001,2024-06-14,00:1B:44:11:3A:65,09:45,12:43,AP2,-60,284.47,LAN,Mumbai
E001,2024-06-14,00:1B:44:11:3A:25,10:05,13:01,AP1,-67,337.78,LAN,Mumbai
E001,2024-06-17,00:1B:44:11:3A:98,09:02,11:37,AP3,-80,446.65,LAN,Mumbai
E001,2024-06-18,00:1B:44:11:3A:14,09:44,12:16,AP3,-53,369.83,Wi-Fi,Mumbai
E001,2024-06-19,00:1B:44:11:3A:54,10:39,13:40,AP1,-73,230.8,Wi-Fi,Mumbai
E001,2024-06-20,00:1B:44:11:3A:20,08:51,12:15,AP2,-62,203.67,LAN,Mumbai
E001,2024-06-20,00:1B:44:11:3A:48,09:09,11:48,AP3,-61,352.37,LAN,Mumbai
E001,2024-06-21,00:1B:44:11:3A:25,08:31,12:04,AP3,-60,274.87,LAN,Mumbai
E001,2024-06-21,00:1B:44:11:3A:17,09:14,12:39,AP2,-79,152.81,Wi-Fi,Mumbai
E001,2024-06-24,00:1B:44:11:3A:94,09:14,12:48,AP2,-57,224.73,LAN,Mumbai
E001,2024-06-25,00:1B:44:11:3A:13,09:50,13:25,AP2,-75,270.09,LAN,Mumbai
E001,2024-06-25,00:1B:44:11:3A:61,10:42,13:31,AP3,-53,434.92,LAN,Mumbai
E001,2024-06-26,00:1B:44:11:3A:39,08:02,10:34,AP1,-55,256.17,LAN,Mumbai
E001,2024-06-26,00:1B:44:11:3A:51,09:05,12:26,AP3,-54,169.22,Wi-Fi,Mumbai
E001,2024-06-27,00:1B:44:11:3A:91,10:27,13:32,AP1,-59,306.73,Wi-Fi,Mumbai
E001,2024-06-27,00:1B:44:11:3A:40,09:20,12:27,AP1,-44,432.95,LAN,Mumbai
E001,2024-06-28,00:1B:44:11:3A:13,10:51,13:27,AP1,-55,252.37,LAN,Mumbai
E001,2024-06-28,00:1B:44:11:3A:32,08:29,11:32,AP2,-43,468.23,Wi-Fi,Mumbai
E002,2024-01-01,00:1B:44:11:3A:18,08:00,10:34,AP3,-54,260.59,LAN,Mumbai
E002,2024-01-01,00:1B:44:11:3A:73,09:47,13:32,AP2,-62,420.02,LAN,Mumbai
E002,2024-01-01,00:1B:44:11:3A:90,08:49,11:11,AP3,-42,89.79,LAN,Mumbai
E002,2024-01-02,00:1B:44:11:3A:98,09:17,12:48,AP2,-70,422.07,LAN,Mumbai
E002,2024-01-02,00:1B:44:11:3A:96,10:16,13:54,AP1,-47,204.73,LAN,Mumbai
E002,2024-01-02,00:1B:44:11:3A:68,09:42,11:42,AP3,-57,86.67,Wi-Fi,Mumbai
E002,2024-01-03,00:1B:44:11:3A:98,08:05,11:01,AP1,-52,457.95,Wi-Fi,Mumbai
E002,2024-01-04,00:1B:44:11:3A:36,10:39,13:23,AP3,-53,439.49,LAN,Mumbai
E002,2024-01-05,00:1B:44:11:3A:89,09:44,13:06,AP2,-49,314.64,Wi-Fi,Mumbai
E002,2024-01-05,00:1B:44:11:3A:47,08:54,12:48,AP3,-75,191.81,Wi-Fi,Mumbai
E002,2024-01-08,00:1B:44:11:3A:84,08:40,11:02,AP1,-71,453.3,LAN,Mumbai
E002,2024-01-08,00:1B:44:11:3A:45,09:59,13:41,AP1,-57,246.38,Wi-Fi,Mumbai
E002,2024-01-08,00:1B:44:11:3A:20,10:24,14:04,AP1,-72,460.73,LAN,Mumbai
E002,2024-01-09,00:1B:44:11:3A:91,09:09,12:37,AP3,-57,488.89,LAN,Mumbai
E002,2024-01-09,00:1B:44:11:3A:53,08:43,10:50,AP3,-49,282.08,LAN,Mumbai
E002,2024-01-10,00:1B:44:11:3A:78,08:10,11:16,AP1,-60,107.38,LAN,Mumbai
E002,2024-01-10,00:1B:44:11:3A:52,10:56,14:16,AP1,-46,103.89,Wi-Fi,Mumbai
E002,2024-01-11,00:1B:44:11:3A:20,08:30,12:10,AP2,-40,260.55,LAN,Mumbai
E002,2024-01-12,00:1B:44:11:3A:79,09:36,12:30,AP3,-80,284.93,LAN,Mumbai
E002,2024-01-15,00:1B:44:11:3A:97,08:35,11:30,AP3,-51,118.09,Wi-Fi,Mumbai
E002,2024-01-16,00:1B:44:11:3A:21,09:39,11:49,AP1,-73,482.87,Wi-Fi,Mumbai
E002,2024-01-17,00:1B:44:11:3A:97,10:30,13:04,AP1,-54,151.94,LAN,Mumbai
E002,2024-01-17,00:1B:44:11:3A:41,08:56,12:42,AP3,-63,123.51,Wi-Fi,Mumbai
E002,2024-01-18,00:1B:44:11:3A:40,09:59,13:43,AP2,-58,403.04,Wi-Fi,Mumbai
E002,2024-01-18,00:1B:44:11:3A:48,09:00,12:36,AP1,-70,214.08,LAN,Mumbai
E002,2024-01-19,00:1B:44:11:3A:24,10:34,14:00,AP2,-78,316.55,LAN,Mumbai
E002,2024-01-19,00:1B:44:11:3A:15,10:01,12:24,AP3,-48,364.04,LAN,Mumbai
E002,2024-01-22,00:1B:44:11:3A:95,10:34,13:49,AP2,-50,436.09,LAN,Mumbai
E002,2024-01-22,00:1B:44:11:3A:85,10:55,14:48,AP2,-62,291.64,LAN,Mumbai
E002,2024-01-22,00:1B:44:11:3A:64,10:09,12:21,AP2,-40,279.14,LAN,Mumbai
E002,2024-01-23,00:1B:44:11:3A:73,08:14,11:35,AP3,-53,334.82,Wi-Fi,Mumbai
E002,2024-01-24,00:1B:44:11:3A:57,09:27,13:10,AP1,-55,370.58,LAN,Mumbai
E002,2024-01-25,00:1B:44:11:3A:20,08:16,11:42,AP3,-40,168.43,Wi-Fi,Mumbai
E002,2024-01-26,00:1B:44:11:3A:89,10:14,13:54,AP2,-74,449.93,Wi-Fi,Mumbai
E002,2024-01-26,00:1B:44:11:3A:25,10:53,14:08,AP3,-45,258.31,LAN,Mumbai
E002,2024-01-26,00:1B:44:11:3A:58,09:32,12:12,AP2,-71,178.78,Wi-Fi,Mumbai
E002,2024-01-29,00:1B:44:11:3A:23,10:56,14:20,AP2,-54,125.4,LAN,Mumbai
E002,2024-01-29,00:1B:44:11:3A:19,08:58,11:01,AP1,-43,342.34,Wi-Fi,Mumbai
E002,2024-01-30,00:1B:44:11:3A:42,10:07,12:22,AP2,-53,370.07,LAN,Mumbai
E002,2024-01-31,00:1B:44:11:3A:38,08:24,11:05,AP2,-65,262.48,LAN,Mumbai
E002,2024-01-31,00:1B:44:11:3A:62,10:25,13:32,AP1,-55,303.36,Wi-Fi,Mumbai
E002,2024-02-01,00:1B:44:11:3A:69,10:33,13:32,AP3,-78,75.84,LAN,Mumbai
E002,2024-02-02,00:1B:44:11:3A:55,09:33,13:02,AP2,-41,107.43,LAN,Mumbai
E002,2024-02-02,00:1B:44:11:3A:80,10:28,13:46,AP2,-80,458.13,LAN,Mumbai
E002,2024-02-02,00:1B:44:11:3A:95,09:04,12:42,AP2,-80,492.18,LAN,Mumbai
E002,2024-02-05,00:1B:44:11:3A:35,08:54,11:48,AP1,-62,170.15,Wi-Fi,Mumbai
E002,2024-02-06,00:1B:44:11:3A:75,10:29,12:44,AP1,-47,323.74,LAN,Mumbai
E002,2024-02-06,00:1B:44:11:3A:85,09:56,13:16,AP3,-55,144.39,LAN,Mumbai
E002,2024-02-06,00:1B:44:11:3A:23,08:37,12:36,AP1,-48,474.51,Wi-Fi,Mumbai
E002,2024-02-07,00:1B:44:11:3A:27,08:38,11:17,AP1,-68,384.88,Wi-Fi,Mumbai
E002,2024-02-07,00:1B:44:11:3A:60,10:40,14:13,AP1,-75,359.0,Wi-Fi,Mumbai
E002,2024-02-07,00:1B:44:11:3A:48,09:27,12:45,AP2,-40,458.45,LAN,Mumbai
E002,2024-02-08,00:1B:44:11:3A:36,09:13,11:32,AP3,-75,462.78,LAN,Mumbai
E002,2024-02-08,00:1B:44:11:3A:26,09:18,12:21,AP1,-60,418.25,Wi-Fi,Mumbai
E002,2024-02-08,00:1B:44:11:3A:18,10:36,12:53,AP1,-58,164.95,Wi-Fi,Mumbai
E002,2024-02-09,00:1B:44:11:3A:57,09:48,12:08,AP2,-66,368.02,Wi-Fi,Mumbai
E002,2024-02-09,00:1B:44:11:3A:45,10:21,12:59,AP2,-66,277.57,Wi-Fi,Mumbai
E002,2024-02-09,00:1B:44:11:3A:95,09:27,12:46,AP3,-58,485.45,LAN,Mumbai
E002,2024-02-12,00:1B:44:11:3A:94,08:18,11:16,AP2,-64,270.95,Wi-Fi,Mumbai
E002,2024-02-12,00:1B:44:11:3A:87,09:56,13:43,AP3,-52,318.55,Wi-Fi,Mumbai
E002,2024-02-13,00:1B:44:11:3A:65,10:49,13:14,AP3,-78,327.91,Wi-Fi,Mumbai
E002,2024-02-13,00:1B:44:11:3A:24,08:10,10:23,AP1,-78,449.66,LAN,Mumbai
E002,2024-02-13,00:1B:44:11:3A:31,10:14,14:01,AP1,-76,199.61,LAN,Mumbai
E002,2024-02-14,00:1B:44:11:3A:94,08:18,11:17,AP3,-50,277.94,LAN,Mumbai
E002,2024-02-14,00:1B:44:11:3A:86,08:20,12:16,AP1,-50,388.44,Wi-Fi,Mumbai
E002,2024-02-15,00:1B:44:11:3A:27,09:03,12:09,AP1,-75,222.68,Wi-Fi,Mumbai
E002,2024-02-16,00:1B:44:11:3A:84,08:39,11:48,AP3,-56,310.03,Wi-Fi,Mumbai
E002,2024-02-16,00:1B:44:11:3A:14,10:46,14:23,AP3,-53,232.9,Wi-Fi,Mumbai
E002,2024-02-19,00:1B:44:11:3A:25,10:27,13:42,AP2,-40,212.08,Wi-Fi,Mumbai
E002,2024-02-19,00:1B:44:11:3A:37,08:13,11:09,AP1,-52,214.86,LAN,Mumbai
E002,2024-02-20,00:1B:44:11:3A:45,09:57,12:11,AP1,-44,172.83,Wi-Fi,Mumbai
E002,2024-02-20,00:1B:44:11:3A:95,08:29,10:30,AP2,-49,92.89,Wi-Fi,Mumbai
E002,2024-02-20,00:1B:44:11:3A:23,10:08,12:51,AP3,-78,343.72,Wi-Fi,Mumbai
E002,2024-02-21,00:1B:44:11:3A:50,10:49,13:56,AP3,-66,209.44,Wi-Fi,Mumbai
E002,2024-02-21,00:1B:44:11:3A:63,10:25,12:36,AP2,-47,434.4,Wi-Fi,Mumbai
E002,2024-02-22,00:1B:44:11:3A:86,08:16,12:14,AP2,-55,69.86,Wi-Fi,Mumbai
E002,2024-02-22,00:1B:44:11:3A:99,09:04,12:18,AP2,-64,104.78,Wi-Fi,Mumbai
E002,2024-02-22,00:1B:44:11:3A:93,09:19,12:06,AP3,-50,292.22,LAN,Mumbai
E002,2024-02-23,00:1B:44:11:3A:44,09:03,12:33,AP3,-70,99.01,Wi-Fi,Mumbai
E002,2024-02-26,00:1B:44:11:3A:93,10:16,13:54,AP2,-61,418.42,Wi-Fi,Mumbai
E002,2024-02-26,00:1B:44:11:3A:32,09:05,12:31,AP2,-63,171.21,Wi-Fi,Mumbai
E002,2024-02-27,00:1B:44:11:3A:34,09:06,11:29,AP2,-79,450.03,Wi-Fi,Mumbai
E002,2024-02-28,00:1B:44:11:3A:96,08:29,10:48,AP2,-72,244.12,LAN,Mumbai
E002,2024-02-29,00:1B:44:11:3A:45,08:59,12:15,AP3,-78,189.57,Wi-Fi,Mumbai
E002,2024-02-29,00:1B:44:11:3A:63,08:34,11:56,AP3,-40,232.56,Wi-Fi,Mumbai
E002,2024-03-01,00:1B:44:11:3A:73,08:54,11:04,AP1,-65,286.03,LAN,Mumbai
E002,2024-03-01,00:1B:44:11:3A:62,08:44,12:22,AP1,-42,261.99,Wi-Fi,Mumbai
E002,2024-03-04,00:1B:44:11:3A:94,09:04,12:25,AP2,-76,488.42,Wi-Fi,Mumbai
E002,2024-03-04,00:1B:44:11:3A:44,10:28,12:43,AP1,-46,82.08,Wi-Fi,Mumbai
E002,2024-03-05,00:1B:44:11:3A:52,10:05,12:40,AP3,-74,131.33,LAN,Mumbai
E002,2024-03-06,00:1B:44:11:3A:23,09:26,12:02,AP1,-75,281.4,LAN,Mumbai
E002,2024-03-06,00:1B:44:11:3A:45,09:01,12:04,AP3,-57,402.22,LAN,Mumbai
E002,2024-03-06,00:1B:44:11:3A:49,10:30,13:00,AP3,-75,190.35,LAN,Mumbai
E002,2024-03-07,00:1B:44:11:3A:26,10:02,12:44,AP1,-75,171.2,LAN,Mumbai
E002,2024-03-08,00:1B:44:11:3A:88,09:32,12:16,AP1,-75,430.51,Wi-Fi,Mumbai
E002,2024-03-08,00:1B:44:11:3A:92,08:41,12:38,AP2,-62,220.89,LAN,Mumbai
E002,2024-03-08,00:1B:44:11:3A:14,09:35,12:17,AP2,-51,154.91,LAN,Mumbai
E002,2024-03-11,00:1B:44:11:3A:48,09:32,12:22,AP2,-58,247.97,Wi-Fi,Mumbai
E002,2024-03-11,00:1B:44:11:3A:93,08:33,10:34,AP3,-80,103.54,LAN,Mumbai
E002,2024-03-12,00:1B:44:11:3A:61,09:52,12:57,AP1,-72,141.62,Wi-Fi,Mumbai
E002,2024-03-12,00:1B:44:11:3A:27,08:14,11:11,AP2,-67,381.53,LAN,Mumbai
E002,2024-03-12,00:1B:44:11:3A:34,08:14,10:39,AP3,-59,288.44,LAN,Mumbai
E002,2024-03-13,00:1B:44:11:3A:64,10:09,12:31,AP3,-50,255.2,Wi-Fi,Mumbai
E002,2024-03-13,00:1B:44:11:3A:20,08:01,10:19,AP3,-71,437.78,Wi-Fi,Mumbai
E002,2024-03-13,00:1B:44:11:3A:25,09:32,12:15,AP3,-53,404.34,LAN,Mumbai
E002,2024-03-14,00:1B:44:11:3A:50,09:42,13:37,AP2,-61,130.96,Wi-Fi,Mumbai
E002,2024-03-14,00:1B:44:11:3A:23,10:19,12:30,AP1,-40,202.01,LAN,Mumbai
E002,2024-03-15,00:1B:44:11:3A:45,09:52,12:50,AP3,-47,431.9,Wi-Fi,Mumbai
E002,2024-03-15,00:1B:44:11:3A:31,10:58,14:10,AP3,-47,80.19,Wi-Fi,Mumbai
E002,2024-03-15,00:1B:44:11:3A:27,09:59,12:26,AP1,-48,146.09,Wi-Fi,Mumbai
E002,2024-03-18,00:1B:44:11:3A:62,09:42,11:56,AP3,-52,457.1,Wi-Fi,Mumbai
E002,2024-03-19,00:1B:44:11:3A:78,09:23,12:47,AP1,-63,72.3,Wi-Fi,Mumbai
E002,2024-03-19,00:1B:44:11:3A:82,09:09,12:10,AP3,-47,372.98,Wi-Fi,Mumbai
E002,2024-03-19,00:1B:44:11:3A:49,08:35,12:00,AP1,-59,421.28,Wi-Fi,Mumbai
E002,2024-03-20,00:1B:44:11:3A:23,10:37,13:07,AP1,-70,434.29,Wi-Fi,Mumbai
E002,2024-03-20,00:1B:44:11:3A:28,09:57,12:09,AP1,-74,398.38,Wi-Fi,Mumbai
E002,2024-03-20,00:1B:44:11:3A:50,09:33,13:10,AP2,-60,259.58,LAN,Mumbai
E002,2024-03-21,00:1B:44:11:3A:33,08:25,10:43,AP2,-80,418.81,Wi-Fi,Mumbai
E002,2024-03-22,00:1B:44:11:3A:63,10:20,13:57,AP1,-60,281.27,LAN,Mumbai
E002,2024-03-22,00:1B:44:11:3A:15,09:46,12:50,AP3,-42,322.31,LAN,Mumbai
E002,2024-03-25,00:1B:44:11:3A:44,08:43,11:16,AP2,-77,339.45,Wi-Fi,Mumbai
E002,2024-03-25,00:1B:44:11:3A:29,09:08,13:03,AP3,-78,110.45,Wi-Fi,Mumbai
E002,2024-03-25,00:1B:44:11:3A:53,10:10,12:54,AP2,-47,387.67,Wi-Fi,Mumbai
E002,2024-03-26,00:1B:44:11:3A:12,10:51,13:38,AP3,-62,475.73,Wi-Fi,Mumbai
E002,2024-03-27,00:1B:44:11:3A:85,10:34,13:09,AP2,-45,60.91,LAN,Mumbai
E002,2024-03-27,00:1B:44:11:3A:32,09:53,13:29,AP1,-66,388.16,Wi-Fi,Mumbai
E002,2024-03-27,00:1B:44:11:3A:13,09:41,12:09,AP2,-40,479.23,Wi-Fi,Mumbai
E002,2024-03-28,00:1B:44:11:3A:37,09:06,11:35,AP1,-59,55.21,LAN,Mumbai
E002,2024-03-28,00:1B:44:11:3A:53,09:28,13:15,AP3,-68,430.68,Wi-Fi,Mumbai
E002,2024-03-29,00:1B:44:11:3A:25,10:24,13:11,AP2,-48,177.84,LAN,Mumbai
E002,2024-04-01,00:1B:44:11:3A:26,09:02,12:58,AP2,-71,420.47,Wi-Fi,Mumbai
E002,2024-04-01,00:1B:44:11:3A:39,09:43,13:10,AP1,-79,208.05,LAN,Mumbai
E002,2024-04-01,00:1B:44:11:3A:39,10:36,12:48,AP1,-40,102.57,Wi-Fi,Mumbai
E002,2024-04-02,00:1B:44:11:3A:99,08:17,10:46,AP1,-40,238.35,Wi-Fi,Mumbai
E002,2024-04-02,00:1B:44:11:3A:96,10:48,13:07,AP1,-41,180.24,LAN,Mumbai
E002,2024-04-03,00:1B:44:11:3A:30,08:06,10:22,AP1,-61,89.77,Wi-Fi,Mumbai
E002,2024-04-03,00:1B:44:11:3A:38,10:37,13:38,AP2,-42,220.87,Wi-Fi,Mumbai
E002,2024-04-04,00:1B:44:11:3A:39,08:10,10:19,AP3,-73,362.34,LAN,Mumbai
E002,2024-04-04,00:1B:44:11:3A:52,08:38,10:45,AP3,-77,246.86,LAN,Mumbai
E002,2024-04-04,00:1B:44:11:3A:40,10:52,14:22,AP2,-64,437.91,Wi-Fi,Mumbai
E002,2024-04-05,00:1B:44:11:3A:18,08:09,11:34,AP2,-63,362.07,LAN,Mumbai
E002,2024-04-05,00:1B:44:11:3A:65,08:34,11:02,AP2,-45,296.25,LAN,Mumbai
E002,2024-04-08,00:1B:44:11:3A:48,09:30,12:29,AP1,-57,292.4,LAN,Mumbai
E002,2024-04-08,00:1B:44:11:3A:10,09:03,11:22,AP1,-79,282.38,Wi-Fi,Mumbai
E002,2024-04-09,00:1B:44:11:3A:47,10:44,12:46,AP2,-51,239.51,LAN,Mumbai
E002,2024-04-09,00:1B:44:11:3A:25,10:40,14:15,AP2,-71,157.93,LAN,Mumbai
E002,2024-04-10,00:1B:44:11:3A:53,08:13,10:33,AP2,-78,99.11,Wi-Fi,Mumbai
E002,2024-04-10,00:1B:44:11:3A:60,09:56,12:24,AP1,-80,94.48,LAN,Mumbai
E002,2024-04-11,00:1B:44:11:3A:77,09:40,13:20,AP1,-53,158.7,LAN,Mumbai
E002,2024-04-11,00:1B:44:11:3A:98,08:00,10:11,AP3,-74,445.79,Wi-Fi,Mumbai
E002,2024-04-12,00:1B:44:11:3A:75,08:51,11:05,AP3,-78,222.42,Wi-Fi,Mumbai
E002,2024-04-12,00:1B:44:11:3A:32,09:50,12:15,AP3,-41,196.1,LAN,Mumbai
E002,2024-04-15,00:1B:44:11:3A:80,10:33,13:42,AP3,-72,456.83,Wi-Fi,Mumbai
E002,2024-04-15,00:1B:44:11:3A:79,09:34,12:19,AP2,-75,188.67,Wi-Fi,Mumbai
E002,2024-04-16,00:1B:44:11:3A:78,09:59,12:43,AP1,-54,428.49,Wi-Fi,Mumbai
E002,2024-04-17,00:1B:44:11:3A:53,09:29,11:46,AP3,-58,195.35,LAN,Mumbai
E002,2024-04-18,00:1B:44:11:3A:13,09:22,12:12,AP3,-69,413.16,Wi-Fi,Mumbai
E002,2024-04-18,00:1B:44:11:3A:22,09:20,11:42,AP3,-41,174.6,Wi-Fi,Mumbai
E002,2024-04-18,00:1B:44:11:3A:33,10:38,12:59,AP2,-68,418.8,LAN,Mumbai
E002,2024-04-19,00:1B:44:11:3A:58,08:01,11:39,AP3,-70,391.56,LAN,Mumbai
E002,2024-04-19,00:1B:44:11:3A:71,08:25,12:17,AP1,-73,239.11,Wi-Fi,Mumbai
E002,2024-04-22,00:1B:44:11:3A:11,09:34,12:59,AP2,-60,124.73,LAN,Mumbai
E002,2024-04-22,00:1B:44:11:3A:25,08:09,10:52,AP2,-44,51.79,Wi-Fi,Mumbai
E002,2024-04-23,00:1B:44:11:3A:60,08:37,12:23,AP1,-75,443.9,Wi-Fi,Mumbai
E002,2024-04-24,00:1B:44:11:3A:87,09:22,11:28,AP1,-73,292.94,LAN,Mumbai
E002,2024-04-24,00:1B:44:11:3A:79,08:52,12:18,AP1,-79,433.93,LAN,Mumbai
E002,2024-04-25,00:1B:44:11:3A:52,08:34,10:46,AP2,-68,74.11,Wi-Fi,Mumbai
E002,2024-04-25,00:1B:44:11:3A:64,10:26,13:57,AP2,-62,464.78,Wi-Fi,Mumbai
E002,2024-04-26,00:1B:44:11:3A:97,08:30,11:20,AP2,-53,67.47,LAN,Mumbai
E002,2024-04-29,00:1B:44:11:3A:41,08:08,10:47,AP1,-40,161.73,LAN,Mumbai
E002,2024-04-30,00:1B:44:11:3A:20,09:35,13:18,AP2,-69,109.25,LAN,Mumbai
E002,2024-04-30,00:1B:44:11:3A:14,10:01,13:03,AP2,-76,368.24,LAN,Mumbai
E002,2024-04-30,00:1B:44:11:3A:88,08:04,11:02,AP3,-44,273.5,Wi-Fi,Mumbai
E002,2024-05-01,00:1B:44:11:3A:32,08:18,11:19,AP2,-63,161.09,LAN,Mumbai
E002,2024-05-02,00:1B:44:11:3A:36,10:08,12:36,AP2,-70,324.5,LAN,Mumbai
E002,2024-05-02,00:1B:44:11:3A:45,09:48,13:06,AP3,-78,450.07,LAN,Mumbai
E002,2024-05-02,00:1B:44:11:3A:55,08:20,10:25,AP2,-61,232.73,LAN,Mumbai
E002,2024-05-03,00:1B:44:11:3A:59,10:09,12:27,AP2,-45,166.69,Wi-Fi,Mumbai
E002,2024-05-06,00:1B:44:11:3A:69,10:24,13:29,AP2,-58,329.36,Wi-Fi,Mumbai
E002,2024-05-07,00:1B:44:11:3A:78,10:19,13:06,AP1,-50,199.79,Wi-Fi,Mumbai
E002,2024-05-08,00:1B:44:11:3A:51,09:47,13:30,AP3,-65,85.37,Wi-Fi,Mumbai
E002,2024-05-08,00:1B:44:11:3A:17,08:25,12:15,AP2,-68,129.37,LAN,Mumbai
E002,2024-05-08,00:1B:44:11:3A:32,10:06,12:51,AP1,-54,271.0,LAN,Mumbai
E002,2024-05-09,00:1B:44:11:3A:15,09:52,12:11,AP1,-41,486.05,LAN,Mumbai
E002,2024-05-09,00:1B:44:11:3A:33,10:10,13:07,AP3,-65,185.85,LAN,Mumbai
E002,2024-05-10,00:1B:44:11:3A:64,09:22,11:26,AP2,-48,347.9,Wi-Fi,Mumbai
E002,2024-05-13,00:1B:44:11:3A:62,10:27,13:04,AP1,-51,74.16,Wi-Fi,Mumbai
E002,2024-05-14,00:1B:44:11:3A:56,08:26,12:02,AP3,-66,314.64,LAN,Mumbai
E002,2024-05-15,00:1B:44:11:3A:37,10:23,12:31,AP3,-79,446.4,Wi-Fi,Mumbai
E002,2024-05-15,00:1B:44:11:3A:66,08:00,11:44,AP3,-77,228.93,Wi-Fi,Mumbai
E002,2024-05-15,00:1B:44:11:3A:74,10:22,12:34,AP1,-44,292.49,LAN,Mumbai
E002,2024-05-16,00:1B:44:11:3A:76,09:14,13:03,AP3,-66,415.18,Wi-Fi,Mumbai
E002,2024-05-16,00:1B:44:11:3A:46,10:29,14:04,AP1,-65,105.12,Wi-Fi,Mumbai
E002,2024-05-16,00:1B:44:11:3A:82,08:49,12:37,AP1,-74,419.34,Wi-Fi,Mumbai
E002,2024-05-17,00:1B:44:11:3A:95,10:57,14:24,AP3,-79,58.18,Wi-Fi,Mumbai
E002,2024-05-17,00:1B:44:11:3A:34,08:45,11:49,AP2,-48,434.5,Wi-Fi,Mumbai
E002,2024-05-17,00:1B:44:11:3A:86,08:36,11:46,AP3,-43,405.56,LAN,Mumbai
E002,2024-05-20,00:1B:44:11:3A:60,10:03,13:30,AP3,-63,290.42,LAN,Mumbai
E002,2024-05-20,00:1B:44:11:3A:48,08:05,11:43,AP1,-74,63.64,Wi-Fi,Mumbai
E002,2024-05-20,00:1B:44:11:3A:24,09:33,13:30,AP3,-60,348.16,LAN,Mumbai
E002,2024-05-21,00:1B:44:11:3A:58,08:37,11:59,AP3,-68,181.65,LAN,Mumbai
E002,2024-05-21,00:1B:44:11:3A:13,09:57,13:39,AP1,-58,439.43,Wi-Fi,Mumbai
E002,2024-05-22,00:1B:44:11:3A:80,09:43,13:42,AP3,-48,459.48,LAN,Mumbai
E002,2024-05-22,00:1B:44:11:3A:40,09:07,12:12,AP3,-69,272.33,Wi-Fi,Mumbai
E002,2024-05-22,00:1B:44:11:3A:73,08:30,11:59,AP3,-40,174.13,Wi-Fi,Mumbai
E002,2024-05-23,00:1B:44:11:3A:67,10:00,12:56,AP3,-51,134.09,LAN,Mumbai
E002,2024-05-23,00:1B:44:11:3A:18,10:23,14:14,AP3,-62,494.12,Wi-Fi,Mumbai
E002,2024-05-24,00:1B:44:11:3A:63,09:49,12:19,AP3,-75,92.12,Wi-Fi,Mumbai
E002,2024-05-24,00:1B:44:11:3A:84,10:10,13:21,AP1,-49,492.53,Wi-Fi,Mumbai
E002,2024-05-24,00:1B:44:11:3A:14,10:34,13:09,AP1,-47,348.28,Wi-Fi,Mumbai
E002,2024-05-27,00:1B:44:11:3A:52,10:30,13:44,AP2,-40,324.87,LAN,Mumbai
E002,2024-05-27,00:1B:44:11:3A:16,09:47,12:47,AP2,-60,80.02,Wi-Fi,Mumbai
E002,2024-05-28,00:1B:44:11:3A:73,09:31,11:39,AP3,-51,386.79,Wi-Fi,Mumbai
E002,2024-05-28,00:1B:44:11:3A:36,10:07,13:36,AP2,-66,399.03,LAN,Mumbai
E002,2024-05-28,00:1B:44:11:3A:57,08:15,10:37,AP3,-63,164.92,Wi-Fi,Mumbai
E002,2024-05-29,00:1B:44:11:3A:98,10:30,13:45,AP3,-69,304.87,LAN,Mumbai
E002,2024-05-29,00:1B:44:11:3A:42,10:48,13:35,AP3,-67,327.97,LAN,Mumbai
E002,2024-05-29,00:1B:44:11:3A:23,10:57,14:04,AP3,-47,496.24,LAN,Mumbai
E002,2024-05-30,00:1B:44:11:3A:26,09:48,13:01,AP1,-56,107.33,Wi-Fi,Mumbai
E002,2024-05-30,00:1B:44:11:3A:42,10:32,14:03,AP1,-73,279.63,LAN,Mumbai
E002,2024-05-30,00:1B:44:11:3A:33,09:13,11:30,AP1,-63,63.66,Wi-Fi,Mumbai
E002,2024-05-31,00:1B:44:11:3A:29,09:25,12:37,AP1,-80,66.45,LAN,Mumbai
E002,2024-06-03,00:1B:44:11:3A:67,10:09,13:51,AP1,-45,205.47,Wi-Fi,Mumbai
E002,2024-06-03,00:1B:44:11:3A:78,08:14,12:04,AP2,-51,90.58,LAN,Mumbai
E002,2024-06-03,00:1B:44:11:3A:81,10:45,14:20,AP1,-63,264.93,LAN,Mumbai
E002,2024-06-04,00:1B:44:11:3A:93,10:22,14:02,AP3,-74,175.22,LAN,Mumbai
E002,2024-06-04,00:1B:44:11:3A:80,08:02,10:26,AP3,-57,88.18,LAN,Mumbai
E002,2024-06-05,00:1B:44:11:3A:13,10:58,13:01,AP1,-56,51.32,Wi-Fi,Mumbai
E002,2024-06-05,00:1B:44:11:3A:18,10:52,13:44,AP3,-69,288.33,Wi-Fi,Mumbai
E002,2024-06-06,00:1B:44:11:3A:53,10:42,13:43,AP3,-42,121.69,LAN,Mumbai
E002,2024-06-06,00:1B:44:11:3A:76,09:24,12:42,AP3,-40,110.05,LAN,Mumbai
E002,2024-06-07,00:1B:44:11:3A:82,09:50,13:35,AP1,-75,341.88,LAN,Mumbai
E002,2024-06-10,00:1B:44:11:3A:90,08:04,10:04,AP3,-69,53.34,Wi-Fi,Mumbai
E002,2024-06-10,00:1B:44:11:3A:12,08:12,12:03,AP3,-63,380.09,Wi-Fi,Mumbai
E002,2024-06-11,00:1B:44:11:3A:87,09:47,12:46,AP1,-63,292.97,Wi-Fi,Mumbai
E002,2024-06-11,00:1B:44:11:3A:58,10:27,13:12,AP2,-77,487.8,LAN,Mumbai
E002,2024-06-11,00:1B:44:11:3A:83,09:16,13:11,AP1,-65,157.47,LAN,Mumbai
E002,2024-06-12,00:1B:44:11:3A:24,08:41,12:16,AP1,-71,454.29,Wi-Fi,Mumbai
E002,2024-06-12,00:1B:44:11:3A:26,08:54,11:20,AP1,-46,65.04,Wi-Fi,Mumbai
E002,2024-06-13,00:1B:44:11:3A:45,09:40,12:17,AP3,-57,187.54,Wi-Fi,Mumbai
E002,2024-06-13,00:1B:44:11:3A:96,10:18,13:45,AP3,-65,304.84,Wi-Fi,Mumbai
E002,2024-06-14,00:1B:44:11:3A:60,08:22,12:00,AP2,-60,265.96,Wi-Fi,Mumbai
E002,2024-06-14,00:1B:44:11:3A:23,10:33,14:14,AP1,-70,362.4,LAN,Mumbai
E002,2024-06-17,00:1B:44:11:3A:20,08:35,11:27,AP1,-50,141.12,LAN,Mumbai
E002,2024-06-17,00:1B:44:11:3A:48,10:43,14:33,AP3,-73,286.2,Wi-Fi,Mumbai
E002,2024-06-17,00:1B:44:11:3A:30,10:27,13:18,AP3,-54,433.97,Wi-Fi,Mumbai
E002,2024-06-18,00:1B:44:11:3A:99,10:57,13:13,AP3,-76,127.39,Wi-Fi,Mumbai
E002,2024-06-18,00:1B:44:11:3A:58,09:10,12:50,AP3,-41,491.93,Wi-Fi,Mumbai
E002,2024-06-18,00:1B:44:11:3A:82,09:55,13:46,AP2,-66,253.05,LAN,Mumbai
E002,2024-06-19,00:1B:44:11:3A:16,10:50,13:49,AP1,-42,420.36,Wi-Fi,Mumbai
E002,2024-06-20,00:1B:44:11:3A:74,09:09,11:33,AP2,-69,132.49,Wi-Fi,Mumbai
E002,2024-06-20,00:1B:44:11:3A:78,09:29,12:07,AP3,-42,203.16,Wi-Fi,Mumbai
E002,2024-06-20,00:1B:44:11:3A:27,08:26,10:57,AP2,-45,432.77,LAN,Mumbai
E002,2024-06-21,00:1B:44:11:3A:95,10:57,13:29,AP1,-53,362.37,LAN,Mumbai
E002,2024-06-21,00:1B:44:11:3A:74,08:09,11:19,AP2,-42,478.24,LAN,Mumbai
E002,2024-06-24,00:1B:44:11:3A:33,08:03,11:45,AP1,-43,343.71,Wi-Fi,Mumbai
E002,2024-06-24,00:1B:44:11:3A:94,10:24,14:04,AP1,-62,391.8,LAN,Mumbai
E002,2024-06-25,00:1B:44:11:3A:72,08:07,11:04,AP1,-41,360.41,LAN,Mumbai
E002,2024-06-25,00:1B:44:11:3A:80,08:48,11:22,AP2,-65,305.86,Wi-Fi,Mumbai
E002,2024-06-25,00:1B:44:11:3A:53,08:14,10:49,AP3,-50,393.52,Wi-Fi,Mumbai
E002,2024-06-26,00:1B:44:11:3A:77,10:41,14:17,AP3,-49,311.46,LAN,Mumbai
E002,2024-06-27,00:1B:44:11:3A:33,10:00,12:59,AP3,-48,424.97,LAN,Mumbai
E002,2024-06-27,00:1B:44:11:3A:24,10:06,12:23,AP2,-62,216.07,LAN,Mumbai
E002,2024-06-27,00:1B:44:11:3A:44,08:17,10:23,AP1,-41,453.48,Wi-Fi,Mumbai
E002,2024-06-28,00:1B:44:11:3A:47,08:31,10:38,AP3,-54,245.43,Wi-Fi,Mumbai
E003,2024-01-01,00:1B:44:11:3A:45,10:53,14:09,AP1,-46,456.9,LAN,Mumbai
E003,2024-01-02,00:1B:44:11:3A:31,10:31,12:38,AP1,-47,278.92,LAN,Mumbai
E003,2024-01-02,00:1B:44:11:3A:91,08:30,10:31,AP1,-55,453.01,LAN,Mumbai
E003,2024-01-03,00:1B:44:11:3A:55,09:04,12:34,AP3,-61,356.77,LAN,Mumbai
E003,2024-01-04,00:1B:44:11:3A:56,08:35,10:51,AP1,-56,322.43,Wi-Fi,Mumbai
E003,2024-01-04,00:1B:44:11:3A:22,09:59,12:09,AP3,-45,401.05,Wi-Fi,Mumbai
E003,2024-01-05,00:1B:44:11:3A:75,09:36,13:26,AP1,-41,193.84,Wi-Fi,Mumbai
E003,2024-01-05,00:1B:44:11:3A:48,10:43,13:12,AP1,-51,238.98,LAN,Mumbai
E003,2024-01-08,00:1B:44:11:3A:18,09:23,12:30,AP2,-45,341.52,LAN,Mumbai
E003,2024-01-08,00:1B:44:11:3A:63,08:45,10:56,AP1,-68,384.41,Wi-Fi,Mumbai
E003,2024-01-08,00:1B:44:11:3A:16,10:00,12:47,AP3,-59,148.48,Wi-Fi,Mumbai
E003,2024-01-09,00:1B:44:11:3A:76,09:41,12:33,AP2,-41,298.98,LAN,Mumbai
E003,2024-01-09,00:1B:44:11:3A:22,08:50,11:50,AP2,-42,177.4,Wi-Fi,Mumbai
E003,2024-01-09,00:1B:44:11:3A:59,08:28,11:01,AP1,-78,79.31,LAN,Mumbai
E003,2024-01-10,00:1B:44:11:3A:46,08:31,11:53,AP3,-44,386.44,LAN,Mumbai
E003,2024-01-11,00:1B:44:11:3A:12,10:53,14:17,AP3,-44,251.08,Wi-Fi,Mumbai
E003,2024-01-12,00:1B:44:11:3A:81,10:58,14:27,AP2,-63,171.54,Wi-Fi,Mumbai
E003,2024-01-12,00:1B:44:11:3A:95,09:43,12:20,AP3,-55,488.41,LAN,Mumbai
E003,2024-01-15,00:1B:44:11:3A:15,08:24,10:48,AP2,-78,447.54,LAN,Mumbai
E003,2024-01-16,00:1B:44:11:3A:43,09:38,13:26,AP3,-57,164.44,Wi-Fi,Mumbai
E003,2024-01-16,00:1B:44:11:3A:70,10:41,13:07,AP1,-71,359.02,LAN,Mumbai
E003,2024-01-16,00:1B:44:11:3A:18,10:48,13:12,AP3,-49,93.56,Wi-Fi,Mumbai
E003,2024-01-17,00:1B:44:11:3A:27,08:38,12:27,AP2,-47,433.33,Wi-Fi,Mumbai
E003,2024-01-18,00:1B:44:11:3A:19,08:45,11:09,AP1,-41,298.16,LAN,Mumbai
E003,2024-01-19,00:1B:44:11:3A:83,10:43,13:32,AP2,-47,495.51,LAN,Mumbai
E003,2024-01-19,00:1B:44:11:3A:66,08:13,11:37,AP3,-53,107.17,LAN,Mumbai
E003,2024-01-19,00:1B:44:11:3A:40,09:32,11:56,AP2,-40,293.98,LAN,Mumbai
E003,2024-01-22,00:1B:44:11:3A:25,09:22,12:41,AP3,-80,422.21,Wi-Fi,Mumbai
E003,2024-01-22,00:1B:44:11:3A:14,08:09,12:07,AP2,-66,352.14,LAN,Mumbai
E003,2024-01-22,00:1B:44:11:3A:68,08:58,12:10,AP3,-73,488.11,Wi-Fi,Mumbai
E003,2024-01-23,00:1B:44:11:3A:80,10:12,13:50,AP1,-48,404.1,LAN,Mumbai
E003,2024-01-24,00:1B:44:11:3A:25,10:07,13:30,AP2,-56,362.43,LAN,Mumbai
E003,2024-01-25,00:1B:44:11:3A:80,09:42,13:33,AP2,-68,401.71,Wi-Fi,Mumbai
E003,2024-01-26,00:1B:44:11:3A:83,09:08,11:19,AP3,-64,192.3,LAN,Mumbai
E003,2024-01-26,00:1B:44:11:3A:36,09:28,13:15,AP2,-80,251.16,Wi-Fi,Mumbai
E003,2024-01-29,00:1B:44:11:3A:59,10:47,13:28,AP2,-57,72.45,Wi-Fi,Mumbai
E003,2024-01-30,00:1B:44:11:3A:58,10:50,14:17,AP2,-45,356.91,Wi-Fi,Mumbai
E003,2024-01-31,00:1B:44:11:3A:72,10:11,12:28,AP2,-58,494.44,Wi-Fi,Mumbai
E003,2024-02-01,00:1B:44:11:3A:15,09:26,11:44,AP1,-41,216.94,LAN,Mumbai
E003,2024-02-01,00:1B:44:11:3A:81,10:38,13:39,AP3,-71,295.42,Wi-Fi,Mumbai
E003,2024-02-01,00:1B:44:11:3A:33,10:48,12:56,AP2,-65,159.13,LAN,Mumbai
E003,2024-02-02,00:1B:44:11:3A:99,08:19,10:59,AP3,-46,163.56,Wi-Fi,Mumbai
E003,2024-02-02,00:1B:44:11:3A:37,09:00,12:42,AP3,-72,160.54,LAN,Mumbai
E003,2024-02-05,00:1B:44:11:3A:27,10:25,13:19,AP2,-79,98.63,LAN,Mumbai
E003,2024-02-05,00:1B:44:11:3A:16,10:24,14:04,AP2,-50,221.84,LAN,Mumbai
E003,2024-02-06,00:1B:44:11:3A:71,08:10,11:40,AP1,-63,166.92,Wi-Fi,Mumbai
E003,2024-02-06,00:1B:44:11:3A:78,08:55,12:25,AP2,-41,452.11,Wi-Fi,Mumbai
E003,2024-02-07,00:1B:44:11:3A:42,09:32,12:20,AP3,-80,478.31,Wi-Fi,Mumbai
E003,2024-02-08,00:1B:44:11:3A:85,09:26,12:35,AP1,-52,421.15,LAN,Mumbai
E003,2024-02-09,00:1B:44:11:3A:47,08:19,12:12,AP2,-41,346.9,LAN,Mumbai
E003,2024-02-09,00:1B:44:11:3A:54,10:14,13:34,AP3,-57,388.2,Wi-Fi,Mumbai
E003,2024-02-09,00:1B:44:11:3A:32,10:44,12:48,AP1,-50,85.69,LAN,Mumbai
E003,2024-02-12,00:1B:44:11:3A:17,09:51,12:52,AP1,-50,273.68,LAN,Mumbai
E003,2024-02-13,00:1B:44:11:3A:96,08:17,11:00,AP2,-58,58.04,Wi-Fi,Mumbai
E003,2024-02-13,00:1B:44:11:3A:20,10:46,14:08,AP1,-55,165.2,LAN,Mumbai
E003,2024-02-13,00:1B:44:11:3A:25,10:54,14:08,AP3,-76,327.85,Wi-Fi,Mumbai
E003,2024-02-14,00:1B:44:11:3A:84,09:31,12:24,AP1,-71,183.61,Wi-Fi,Mumbai
E003,2024-02-15,00:1B:44:11:3A:65,08:37,11:34,AP2,-77,230.98,Wi-Fi,Mumbai
E003,2024-02-15,00:1B:44:11:3A:55,10:19,13:23,AP3,-71,275.14,LAN,Mumbai
E003,2024-02-15,00:1B:44:11:3A:67,09:16,11:58,AP1,-59,294.69,LAN,Mumbai
E003,2024-02-16,00:1B:44:11:3A:41,09:27,12:20,AP3,-52,159.8,Wi-Fi,Mumbai
E003,2024-02-19,00:1B:44:11:3A:76,08:12,10:14,AP1,-60,267.95,LAN,Mumbai
E003,2024-02-19,00:1B:44:11:3A:18,10:48,13:21,AP2,-53,405.18,Wi-Fi,Mumbai
E003,2024-02-19,00:1B:44:11:3A:81,09:02,11:10,AP1,-64,65.75,LAN,Mumbai
E003,2024-02-20,00:1B:44:11:3A:33,10:49,13:20,AP3,-59,494.78,LAN,Mumbai
E003,2024-02-20,00:1B:44:11:3A:58,08:09,11:04,AP3,-77,396.04,Wi-Fi,Mumbai
E003,2024-02-20,00:1B:44:11:3A:34,09:09,11:19,AP3,-47,377.66,LAN,Mumbai
E003,2024-02-21,00:1B:44:11:3A:62,09:26,13:07,AP2,-71,282.8,LAN,Mumbai
E003,2024-02-21,00:1B:44:11:3A:24,09:16,12:01,AP2,-62,219.88,Wi-Fi,Mumbai
E003,2024-02-21,00:1B:44:11:3A:99,08:12,11:15,AP2,-67,346.76,Wi-Fi,Mumbai
E003,2024-02-22,00:1B:44:11:3A:60,09:53,12:16,AP3,-43,310.18,Wi-Fi,Mumbai
E003,2024-02-22,00:1B:44:11:3A:61,10:46,13:52,AP1,-49,73.54,LAN,Mumbai
E003,2024-02-23,00:1B:44:11:3A:65,09:52,12:07,AP2,-46,65.13,Wi-Fi,Mumbai
E003,2024-02-23,00:1B:44:11:3A:28,08:22,11:21,AP3,-55,268.59,LAN,Mumbai
E003,2024-02-26,00:1B:44:11:3A:19,08:00,10:39,AP2,-76,420.56,Wi-Fi,Mumbai
E003,2024-02-26,00:1B:44:11:3A:92,08:38,11:50,AP3,-46,388.04,Wi-Fi,Mumbai
E003,2024-02-27,00:1B:44:11:3A:65,09:47,12:18,AP3,-43,354.56,Wi-Fi,Mumbai
E003,2024-02-28,00:1B:44:11:3A:25,08:06,10:14,AP1,-63,181.83,Wi-Fi,Mumbai
E003,2024-02-28,00:1B:44:11:3A:76,08:32,11:56,AP3,-61,124.92,LAN,Mumbai
E003,2024-02-28,00:1B:44:11:3A:29,08:11,11:43,AP1,-63,321.03,Wi-Fi,Mumbai
E003,2024-02-29,00:1B:44:11:3A:35,08:40,11:47,AP2,-45,191.34,LAN,Mumbai
E003,2024-02-29,00:1B:44:11:3A:14,09:46,12:47,AP2,-70,368.28,Wi-Fi,Mumbai
E003,2024-03-01,00:1B:44:11:3A:82,08:55,12:46,AP2,-70,317.72,LAN,Mumbai
E003,2024-03-01,00:1B:44:11:3A:56,10:31,14:22,AP3,-40,291.57,LAN,Mumbai
E003,2024-03-01,00:1B:44:11:3A:17,09:21,12:02,AP3,-65,462.46,Wi-Fi,Mumbai
E003,2024-03-04,00:1B:44:11:3A:70,10:05,13:57,AP2,-54,324.67,LAN,Mumbai
E003,2024-03-04,00:1B:44:11:3A:95,08:07,11:57,AP2,-54,240.28,LAN,Mumbai
E003,2024-03-05,00:1B:44:11:3A:26,08:47,11:56,AP2,-52,482.32,Wi-Fi,Mumbai
E003,2024-03-05,00:1B:44:11:3A:58,10:51,14:18,AP1,-64,497.16,Wi-Fi,Mumbai
E003,2024-03-05,00:1B:44:11:3A:94,08:33,11:22,AP2,-69,184.79,Wi-Fi,Mumbai
E003,2024-03-06,00:1B:44:11:3A:16,10:49,13:41,AP1,-72,312.51,Wi-Fi,Mumbai
E003,2024-03-06,00:1B:44:11:3A:22,08:56,11:35,AP1,-50,127.66,Wi-Fi,Mumbai
E003,2024-03-07,00:1B:44:11:3A:30,08:24,11:45,AP1,-59,343.37,LAN,Mumbai
E003,2024-03-07,00:1B:44:11:3A:62,09:50,12:26,AP2,-60,287.14,Wi-Fi,Mumbai
E003,2024-03-08,00:1B:44:11:3A:11,08:46,11:26,AP2,-41,371.12,Wi-Fi,Mumbai
E003,2024-03-08,00:1B:44:11:3A:92,09:23,11:35,AP1,-50,281.94,Wi-Fi,Mumbai
E003,2024-03-11,00:1B:44:11:3A:83,08:36,11:19,AP3,-79,160.24,Wi-Fi,Mumbai
E003,2024-03-12,00:1B:44:11:3A:40,08:40,10:51,AP1,-65,404.96,LAN,Mumbai
E003,2024-03-12,00:1B:44:11:3A:39,09:59,13:03,AP1,-62,211.96,Wi-Fi,Mumbai
E003,2024-03-13,00:1B:44:11:3A:26,08:05,12:03,AP3,-44,475.56,LAN,Mumbai
E003,2024-03-13,00:1B:44:11:3A:26,09:49,13:20,AP1,-47,108.31,Wi-Fi,Mumbai
E003,2024-03-14,00:1B:44:11:3A:54,08:00,11:25,AP2,-68,278.55,LAN,Mumbai
E003,2024-03-14,00:1B:44:11:3A:82,08:12,11:40,AP3,-76,223.29,LAN,Mumbai
E003,2024-03-15,00:1B:44:11:3A:35,09:05,12:45,AP1,-75,275.89,LAN,Mumbai
E003,2024-03-15,00:1B:44:11:3A:51,10:19,13:49,AP1,-49,289.25,Wi-Fi,Mumbai
E003,2024-03-15,00:1B:44:11:3A:91,08:45,11:24,AP3,-79,497.04,Wi-Fi,Mumbai
E003,2024-03-18,00:1B:44:11:3A:14,08:53,10:57,AP1,-60,117.75,LAN,Mumbai
E003,2024-03-18,00:1B:44:11:3A:65,08:02,11:34,AP3,-45,472.57,Wi-Fi,Mumbai
E003,2024-03-19,00:1B:44:11:3A:16,09:47,11:59,AP1,-53,434.54,LAN,Mumbai
E003,2024-03-19,00:1B:44:11:3A:62,10:50,14:31,AP2,-67,112.74,LAN,Mumbai
E003,2024-03-20,00:1B:44:11:3A:82,10:03,13:28,AP3,-75,442.54,Wi-Fi,Mumbai
E003,2024-03-20,00:1B:44:11:3A:72,10:35,13:52,AP1,-46,142.2,LAN,Mumbai
E003,2024-03-21,00:1B:44:11:3A:12,08:05,11:48,AP1,-67,195.43,LAN,Mumbai
E003,2024-03-22,00:1B:44:11:3A:34,09:00,12:08,AP2,-47,292.15,LAN,Mumbai
E003,2024-03-25,00:1B:44:11:3A:86,08:14,11:51,AP2,-60,390.95,LAN,Mumbai
E003,2024-03-26,00:1B:44:11:3A:72,10:46,13:35,AP1,-70,150.23,LAN,Mumbai
E003,2024-03-27,00:1B:44:11:3A:74,08:15,11:02,AP2,-64,356.81,Wi-Fi,Mumbai
E003,2024-03-27,00:1B:44:11:3A:14,08:41,12:24,AP2,-67,374.22,Wi-Fi,Mumbai
E003,2024-03-27,00:1B:44:11:3A:29,08:03,11:10,AP2,-47,278.5,LAN,Mumbai
E003,2024-03-28,00:1B:44:11:3A:42,08:26,11:07,AP3,-41,195.76,Wi-Fi,Mumbai
E003,2024-03-29,00:1B:44:11:3A:16,10:51,14:15,AP2,-79,372.12,Wi-Fi,Mumbai
E003,2024-03-29,00:1B:44:11:3A:27,08:18,11:34,AP3,-60,60.43,LAN,Mumbai
E003,2024-04-01,00:1B:44:11:3A:56,08:00,10:41,AP3,-40,438.46,Wi-Fi,Mumbai
E003,2024-04-02,00:1B:44:11:3A:58,10:57,14:28,AP1,-53,223.05,LAN,Mumbai
E003,2024-04-02,00:1B:44:11:3A:37,08:56,12:13,AP2,-48,285.01,Wi-Fi,Mumbai
E003,2024-04-03,00:1B:44:11:3A:45,09:36,13:11,AP3,-43,461.35,LAN,Mumbai
E003,2024-04-03,00:1B:44:11:3A:99,10:15,12:43,AP1,-78,286.64,LAN,Mumbai
E003,2024-04-03,00:1B:44:11:3A:52,10:32,12:54,AP1,-50,133.59,Wi-Fi,Mumbai
E003,2024-04-04,00:1B:44:11:3A:68,09:14,13:09,AP2,-70,255.64,Wi-Fi,Mumbai
E003,2024-04-04,00:1B:44:11:3A:50,09:06,11:49,AP1,-50,322.46,Wi-Fi,Mumbai
E003,2024-04-05,00:1B:44:11:3A:40,08:37,12:32,AP1,-65,491.52,LAN,Mumbai
E003,2024-04-05,00:1B:44:11:3A:87,08:28,12:16,AP2,-77,256.78,Wi-Fi,Mumbai
E003,2024-04-08,00:1B:44:11:3A:64,08:05,10:10,AP2,-71,493.3,Wi-Fi,Mumbai
E003,2024-04-08,00:1B:44:11:3A:93,09:21,13:13,AP3,-60,301.79,Wi-Fi,Mumbai
E003,2024-04-09,00:1B:44:11:3A:97,10:41,13:06,AP3,-47,331.99,Wi-Fi,Mumbai
E003,2024-04-09,00:1B:44:11:3A:81,10:38,13:50,AP2,-42,68.36,LAN,Mumbai
E003,2024-04-09,00:1B:44:11:3A:93,09:24,12:40,AP1,-79,92.01,Wi-Fi,Mumbai
E003,2024-04-10,00:1B:44:11:3A:89,10:13,12:44,AP3,-76,402.64,LAN,Mumbai
E003,2024-04-10,00:1B:44:11:3A:29,09:16,12:51,AP2,-49,316.1,LAN,Mumbai
E003,2024-04-10,00:1B:44:11:3A:53,10:01,12:22,AP2,-45,85.44,Wi-Fi,Mumbai
E003,2024-04-11,00:1B:44:11:3A:64,08:41,11:07,AP1,-57,148.5,LAN,Mumbai
E003,2024-04-11,00:1B:44:11:3A:76,09:27,11:37,AP2,-50,378.59,Wi-Fi,Mumbai
E003,2024-04-11,00:1B:44:11:3A:74,10:28,13:30,AP2,-47,496.63,LAN,Mumbai
E003,2024-04-12,00:1B:44:11:3A:44,09:51,12:18,AP1,-72,415.97,Wi-Fi,Mumbai
E003,2024-04-15,00:1B:44:11:3A:98,08:20,11:48,AP2,-41,486.98,LAN,Mumbai
E003,2024-04-16,00:1B:44:11:3A:99,10:36,13:16,AP3,-68,121.33,Wi-Fi,Mumbai
E003,2024-04-16,00:1B:44:11:3A:25,10:47,13:54,AP2,-50,125.67,Wi-Fi,Mumbai
E003,2024-04-17,00:1B:44:11:3A:59,10:21,13:40,AP1,-70,84.68,Wi-Fi,Mumbai
E003,2024-04-17,00:1B:44:11:3A:18,10:54,14:46,AP3,-72,71.23,LAN,Mumbai
E003,2024-04-17,00:1B:44:11:3A:60,09:45,13:39,AP2,-61,311.84,Wi-Fi,Mumbai
E003,2024-04-18,00:1B:44:11:3A:90,08:46,11:20,AP1,-65,277.43,Wi-Fi,Mumbai
E003,2024-04-18,00:1B:44:11:3A:64,08:40,11:18,AP3,-78,430.89,LAN,Mumbai
E003,2024-04-19,00:1B:44:11:3A:78,09:15,13:12,AP1,-51,351.7,Wi-Fi,Mumbai
E003,2024-04-22,00:1B:44:11:3A:86,08:55,11:40,AP3,-64,51.51,Wi-Fi,Mumbai
E003,2024-04-22,00:1B:44:11:3A:29,09:28,12:59,AP1,-52,84.76,LAN,Mumbai
E003,2024-04-22,00:1B:44:11:3A:82,10:35,12:51,AP1,-62,63.64,LAN,Mumbai
E003,2024-04-23,00:1B:44:11:3A:87,09:11,12:45,AP1,-56,306.71,LAN,Mumbai
E003,2024-04-24,00:1B:44:11:3A:36,08:18,11:33,AP3,-63,433.81,LAN,Mumbai
E003,2024-04-24,00:1B:44:11:3A:12,09:34,12:10,AP1,-50,360.63,Wi-Fi,Mumbai
E003,2024-04-24,00:1B:44:11:3A:22,09:15,11:53,AP3,-48,121.53,Wi-Fi,Mumbai
E003,2024-04-25,00:1B:44:11:3A:87,10:22,13:57,AP3,-42,242.61,Wi-Fi,Mumbai
E003,2024-04-25,00:1B:44:11:3A:53,09:00,12:23,AP3,-48,319.05,Wi-Fi,Mumbai
E003,2024-04-26,00:1B:44:11:3A:47,08:06,10:56,AP2,-63,282.82,LAN,Mumbai
E003,2024-04-29,00:1B:44:11:3A:49,08:36,11:17,AP3,-57,269.13,LAN,Mumbai
E003,2024-04-29,00:1B:44:11:3A:15,09:54,13:53,AP3,-54,276.38,Wi-Fi,Mumbai
E003,2024-04-29,00:1B:44:11:3A:26,08:33,10:42,AP2,-75,468.02,LAN,Mumbai
E003,2024-04-30,00:1B:44:11:3A:91,08:28,11:01,AP3,-61,134.23,LAN,Mumbai
E003,2024-04-30,00:1B:44:11:3A:44,08:54,11:29,AP3,-46,475.76,Wi-Fi,Mumbai
E003,2024-05-01,00:1B:44:11:3A:35,09:47,13:27,AP1,-69,50.97,Wi-Fi,Mumbai
E003,2024-05-01,00:1B:44:11:3A:18,08:05,11:12,AP3,-77,170.9,Wi-Fi,Mumbai
E003,2024-05-01,00:1B:44:11:3A:20,10:54,12:59,AP3,-52,163.48,LAN,Mumbai
E003,2024-05-02,00:1B:44:11:3A:82,09:39,11:48,AP2,-77,131.12,LAN,Mumbai
E003,2024-05-02,00:1B:44:11:3A:91,09:40,11:43,AP2,-68,235.26,LAN,Mumbai
E003,2024-05-03,00:1B:44:11:3A:19,10:05,12:55,AP3,-64,235.49,Wi-Fi,Mumbai
E003,2024-05-03,00:1B:44:11:3A:55,08:04,10:27,AP3,-71,477.29,Wi-Fi,Mumbai
E003,2024-05-06,00:1B:44:11:3A:73,08:36,11:17,AP2,-63,297.42,Wi-Fi,Mumbai
E003,2024-05-07,00:1B:44:11:3A:62,10:43,13:44,AP3,-71,461.35,LAN,Mumbai
E003,2024-05-07,00:1B:44:11:3A:41,08:12,11:05,AP2,-80,69.07,Wi-Fi,Mumbai
E003,2024-05-08,00:1B:44:11:3A:26,08:46,10:56,AP2,-60,414.58,Wi-Fi,Mumbai
E003,2024-05-08,00:1B:44:11:3A:16,08:23,10:29,AP3,-41,379.73,LAN,Mumbai
E003,2024-05-09,00:1B:44:11:3A:80,09:16,11:30,AP3,-47,215.6,Wi-Fi,Mumbai
E003,2024-05-09,00:1B:44:11:3A:56,10:51,13:22,AP2,-73,197.47,Wi-Fi,Mumbai
E003,2024-05-09,00:1B:44:11:3A:89,10:46,14:11,AP1,-72,256.07,LAN,Mumbai
E003,2024-05-10,00:1B:44:11:3A:32,08:57,12:05,AP3,-73,236.56,LAN,Mumbai
E003,2024-05-10,00:1B:44:11:3A:15,08:42,12:10,AP3,-65,411.54,LAN,Mumbai
E003,2024-05-10,00:1B:44:11:3A:75,08:11,11:09,AP2,-64,482.98,LAN,Mumbai
E003,2024-05-13,00:1B:44:11:3A:70,09:13,13:12,AP3,-73,160.37,Wi-Fi,Mumbai
E003,2024-05-14,00:1B:44:11:3A:39,09:18,12:51,AP2,-76,139.74,Wi-Fi,Mumbai
E003,2024-05-15,00:1B:44:11:3A:50,09:19,12:08,AP3,-41,368.17,LAN,Mumbai
E003,2024-05-15,00:1B:44:11:3A:42,10:04,12:26,AP2,-74,280.54,Wi-Fi,Mumbai
E003,2024-05-16,00:1B:44:11:3A:80,10:17,13:32,AP1,-70,335.71,LAN,Mumbai
E003,2024-05-16,00:1B:44:11:3A:40,10:07,13:21,AP3,-41,219.55,LAN,Mumbai
E003,2024-05-17,00:1B:44:11:3A:31,08:32,11:17,AP3,-66,402.95,Wi-Fi,Mumbai
E003,2024-05-17,00:1B:44:11:3A:76,08:42,12:35,AP3,-48,304.0,Wi-Fi,Mumbai
E003,2024-05-20,00:1B:44:11:3A:37,10:07,12:28,AP1,-70,428.86,Wi-Fi,Mumbai
E003,2024-05-21,00:1B:44:11:3A:12,09:22,12:42,AP1,-46,329.65,LAN,Mumbai
E003,2024-05-21,00:1B:44:11:3A:97,08:41,10:42,AP1,-52,171.26,LAN,Mumbai
E003,2024-05-21,00:1B:44:11:3A:80,10:51,14:28,AP1,-44,353.08,LAN,Mumbai
E003,2024-05-22,00:1B:44:11:3A:76,10:48,14:25,AP2,-63,103.81,LAN,Mumbai
E003,2024-05-22,00:1B:44:11:3A:81,10:28,12:47,AP2,-80,451.79,LAN,Mumbai
E003,2024-05-22,00:1B:44:11:3A:82,08:06,10:36,AP1,-73,331.52,LAN,Mumbai
E003,2024-05-23,00:1B:44:11:3A:18,10:39,12:59,AP3,-49,213.63,LAN,Mumbai
E003,2024-05-24,00:1B:44:11:3A:83,09:55,12:38,AP3,-63,462.72,Wi-Fi,Mumbai
E003,2024-05-24,00:1B:44:11:3A:18,09:40,12:21,AP3,-54,429.11,Wi-Fi,Mumbai
E003,2024-05-24,00:1B:44:11:3A:23,08:11,11:07,AP3,-52,432.17,LAN,Mumbai
E003,2024-05-27,00:1B:44:11:3A:28,09:25,13:17,AP3,-59,396.33,LAN,Mumbai
E003,2024-05-27,00:1B:44:11:3A:79,10:12,14:09,AP2,-58,436.65,LAN,Mumbai
E003,2024-05-28,00:1B:44:11:3A:84,10:01,13:43,AP2,-75,184.55,LAN,Mumbai
E003,2024-05-28,00:1B:44:11:3A:91,10:41,14:31,AP2,-78,203.19,LAN,Mumbai
E003,2024-05-29,00:1B:44:11:3A:10,09:52,11:55,AP2,-69,58.27,LAN,Mumbai
E003,2024-05-29,00:1B:44:11:3A:56,09:51,13:13,AP1,-68,359.02,LAN,Mumbai
E003,2024-05-29,00:1B:44:11:3A:17,10:24,12:45,AP2,-40,80.14,Wi-Fi,Mumbai
E003,2024-05-30,00:1B:44:11:3A:49,10:06,13:05,AP2,-45,191.67,Wi-Fi,Mumbai
E003,2024-05-30,00:1B:44:11:3A:76,09:15,11:23,AP3,-59,344.86,Wi-Fi,Mumbai
E003,2024-05-30,00:1B:44:11:3A:41,10:40,12:54,AP2,-41,63.87,LAN,Mumbai
E003,2024-05-31,00:1B:44:11:3A:65,08:16,10:39,AP3,-67,130.32,LAN,Mumbai
E003,2024-05-31,00:1B:44:11:3A:80,09:43,11:45,AP3,-66,54.91,LAN,Mumbai
E003,2024-06-03,00:1B:44:11:3A:85,09:37,13:09,AP1,-77,185.63,LAN,Mumbai
E003,2024-06-04,00:1B:44:11:3A:11,10:32,12:43,AP2,-56,219.27,LAN,Mumbai
E003,2024-06-04,00:1B:44:11:3A:59,08:08,10:36,AP3,-46,415.71,LAN,Mumbai
E003,2024-06-05,00:1B:44:11:3A:69,09:07,12:21,AP3,-62,314.76,Wi-Fi,Mumbai
E003,2024-06-05,00:1B:44:11:3A:28,10:31,12:37,AP3,-47,445.53,LAN,Mumbai
E003,2024-06-06,00:1B:44:11:3A:19,09:33,12:20,AP2,-56,467.29,LAN,Mumbai
E003,2024-06-06,00:1B:44:11:3A:81,09:21,12:46,AP2,-80,362.76,Wi-Fi,Mumbai
E003,2024-06-07,00:1B:44:11:3A:74,08:50,12:13,AP2,-52,419.82,Wi-Fi,Mumbai
E003,2024-06-07,00:1B:44:11:3A:18,09:42,13:02,AP2,-45,451.55,LAN,Mumbai
E003,2024-06-10,00:1B:44:11:3A:27,09:52,13:34,AP1,-65,409.77,LAN,Mumbai
E003,2024-06-10,00:1B:44:11:3A:11,10:18,13:39,AP2,-75,355.98,LAN,Mumbai
E003,2024-06-10,00:1B:44:11:3A:62,08:12,11:22,AP3,-75,290.59,LAN,Mumbai
E003,2024-06-11,00:1B:44:11:3A:92,10:51,13:19,AP3,-65,111.12,Wi-Fi,Mumbai
E003,2024-06-12,00:1B:44:11:3A:76,08:10,11:47,AP2,-56,246.79,Wi-Fi,Mumbai
E003,2024-06-12,00:1B:44:11:3A:71,09:05,13:03,AP3,-57,94.96,Wi-Fi,Mumbai
E003,2024-06-13,00:1B:44:11:3A:45,10:33,14:25,AP1,-40,160.32,Wi-Fi,Mumbai
E003,2024-06-14,00:1B:44:11:3A:14,09:45,12:52,AP2,-71,104.75,LAN,Mumbai
E003,2024-06-14,00:1B:44:11:3A:37,10:48,13:00,AP2,-66,218.83,LAN,Mumbai
E003,2024-06-14,00:1B:44:11:3A:17,10:46,13:57,AP2,-40,356.19,LAN,Mumbai
E003,2024-06-17,00:1B:44:11:3A:62,09:56,13:36,AP1,-72,255.82,Wi-Fi,Mumbai
E003,2024-06-17,00:1B:44:11:3A:34,09:08,12:26,AP1,-64,404.29,Wi-Fi,Mumbai
E003,2024-06-18,00:1B:44:11:3A:77,08:55,11:07,AP3,-47,142.56,LAN,Mumbai
E003,2024-06-18,00:1B:44:11:3A:82,08:59,12:37,AP2,-42,60.5,Wi-Fi,Mumbai
E003,2024-06-19,00:1B:44:11:3A:83,09:58,12:57,AP2,-78,355.86,Wi-Fi,Mumbai
E003,2024-06-20,00:1B:44:11:3A:12,08:50,11:51,AP3,-62,195.36,LAN,Mumbai
E003,2024-06-20,00:1B:44:11:3A:11,08:30,11:24,AP3,-54,98.53,Wi-Fi,Mumbai
E003,2024-06-20,00:1B:44:11:3A:23,10:12,12:12,AP1,-47,494.53,Wi-Fi,Mumbai
E003,2024-06-21,00:1B:44:11:3A:99,08:58,11:50,AP3,-65,347.83,LAN,Mumbai
E003,2024-06-24,00:1B:44:11:3A:26,09:22,11:41,AP1,-69,407.1,LAN,Mumbai
E003,2024-06-25,00:1B:44:11:3A:37,08:59,11:13,AP2,-55,196.54,LAN,Mumbai
E003,2024-06-26,00:1B:44:11:3A:57,09:24,13:19,AP2,-45,369.58,Wi-Fi,Mumbai
E003,2024-06-27,00:1B:44:11:3A:78,08:12,10:12,AP1,-79,369.43,Wi-Fi,Mumbai
E003,2024-06-27,00:1B:44:11:3A:11,08:10,10:50,AP1,-56,355.16,Wi-Fi,Mumbai
E003,2024-06-27,00:1B:44:11:3A:71,09:45,12:04,AP2,-79,135.13,Wi-Fi,Mumbai
E003,2024-06-28,00:1B:44:11:3A:72,09:08,12:44,AP3,-69,381.71,Wi-Fi,Mumbai
E004,2024-01-03,00:1B:44:11:3A:74,09:11,13:07,AP1,-56,53.12,Wi-Fi,Delhi
E004,2024-01-03,00:1B:44:11:3A:54,10:57,14:26,AP1,-51,387.64,Wi-Fi,Delhi
E004,2024-01-04,00:1B:44:11:3A:94,09:38,12:01,AP1,-48,410.67,Wi-Fi,Delhi
E004,2024-01-04,00:1B:44:11:3A:31,10:43,13:05,AP2,-40,168.7,Wi-Fi,Delhi
E004,2024-01-04,00:1B:44:11:3A:45,10:46,13:04,AP1,-64,236.01,Wi-Fi,Delhi
E004,2024-01-08,00:1B:44:11:3A:27,08:31,11:22,AP2,-53,206.07,LAN,Delhi
E004,2024-01-08,00:1B:44:11:3A:22,09:28,12:06,AP3,-71,342.59,LAN,Delhi
E004,2024-01-08,00:1B:44:11:3A:46,08:38,11:54,AP1,-45,90.67,Wi-Fi,Delhi
E004,2024-01-09,00:1B:44:11:3A:10,08:42,11:34,AP3,-65,61.52,Wi-Fi,Delhi
E004,2024-01-09,00:1B:44:11:3A:68,08:17,11:27,AP2,-52,327.2,LAN,Delhi
E004,2024-01-10,00:1B:44:11:3A:99,10:53,13:27,AP1,-67,261.57,LAN,Delhi
E004,2024-01-16,00:1B:44:11:3A:53,09:15,12:36,AP2,-64,353.16,Wi-Fi,Delhi
E004,2024-01-17,00:1B:44:11:3A:78,09:11,11:51,AP2,-73,421.71,Wi-Fi,Delhi
E004,2024-01-17,00:1B:44:11:3A:61,10:48,13:39,AP3,-44,129.88,Wi-Fi,Delhi
E004,2024-01-18,00:1B:44:11:3A:94,08:21,11:50,AP3,-48,180.29,LAN,Delhi
E004,2024-01-18,00:1B:44:11:3A:17,08:54,12:35,AP1,-61,142.09,Wi-Fi,Delhi
E004,2024-01-22,00:1B:44:11:3A:42,08:06,10:25,AP1,-80,219.61,LAN,Delhi
E004,2024-01-22,00:1B:44:11:3A:39,09:25,12:00,AP1,-42,81.75,LAN,Delhi
E004,2024-01-25,00:1B:44:11:3A:45,09:37,11:51,AP2,-68,159.23,Wi-Fi,Delhi
E004,2024-01-25,00:1B:44:11:3A:80,08:49,11:42,AP3,-43,116.94,Wi-Fi,Delhi
E004,2024-01-25,00:1B:44:11:3A:48,10:44,12:48,AP1,-41,409.02,LAN,Delhi
E004,2024-01-29,00:1B:44:11:3A:11,08:14,10:55,AP2,-69,165.77,LAN,Delhi
E004,2024-01-29,00:1B:44:11:3A:69,09:13,13:12,AP2,-66,119.94,LAN,Delhi
E004,2024-01-29,00:1B:44:11:3A:52,09:05,12:44,AP1,-63,192.67,LAN,Delhi
E004,2024-01-31,00:1B:44:11:3A:99,09:28,13:20,AP1,-54,161.15,LAN,Delhi
E004,2024-02-05,00:1B:44:11:3A:82,09:42,11:46,AP2,-80,104.44,LAN,Delhi
E004,2024-02-07,00:1B:44:11:3A:39,08:26,12:20,AP2,-79,221.53,LAN,Delhi
E004,2024-02-07,00:1B:44:11:3A:42,10:08,12:34,AP2,-69,448.27,Wi-Fi,Delhi
E004,2024-02-08,00:1B:44:11:3A:87,08:51,11:27,AP1,-72,497.06,Wi-Fi,Delhi
E004,2024-02-09,00:1B:44:11:3A:76,08:02,10:37,AP2,-57,453.61,Wi-Fi,Delhi
E004,2024-02-09,00:1B:44:11:3A:13,10:06,13:37,AP2,-61,373.09,Wi-Fi,Delhi
E004,2024-02-12,00:1B:44:11:3A:97,09:32,12:02,AP3,-58,279.09,Wi-Fi,Delhi
E004,2024-02-12,00:1B:44:11:3A:75,10:03,12:31,AP2,-63,342.43,Wi-Fi,Delhi
E004,2024-02-15,00:1B:44:11:3A:83,09:34,12:00,AP2,-42,370.85,Wi-Fi,Delhi
E004,2024-02-15,00:1B:44:11:3A:90,10:59,13:42,AP3,-61,259.66,Wi-Fi,Delhi
E004,2024-02-15,00:1B:44:11:3A:44,09:45,12:36,AP2,-80,277.3,LAN,Delhi
E004,2024-02-16,00:1B:44:11:3A:13,10:46,13:35,AP2,-54,347.61,Wi-Fi,Delhi
E004,2024-02-16,00:1B:44:11:3A:46,08:07,10:36,AP1,-48,323.52,Wi-Fi,Delhi
E004,2024-02-16,00:1B:44:11:3A:49,08:39,11:12,AP3,-57,214.31,Wi-Fi,Delhi
E004,2024-02-19,00:1B:44:11:3A:86,10:22,12:30,AP1,-49,418.41,LAN,Delhi
E004,2024-02-20,00:1B:44:11:3A:81,08:14,11:39,AP1,-40,92.51,Wi-Fi,Delhi
E004,2024-02-20,00:1B:44:11:3A:50,10:51,14:06,AP1,-49,267.21,LAN,Delhi
E004,2024-02-21,00:1B:44:11:3A:55,10:38,13:08,AP3,-66,292.98,LAN,Delhi
E004,2024-02-21,00:1B:44:11:3A:95,09:41,11:46,AP1,-64,52.6,Wi-Fi,Delhi
E004,2024-02-21,00:1B:44:11:3A:52,08:18,10:29,AP2,-41,76.61,LAN,Delhi
E004,2024-02-22,00:1B:44:11:3A:70,10:34,14:30,AP3,-56,76.26,LAN,Delhi
E004,2024-02-22,00:1B:44:11:3A:20,10:46,13:34,AP2,-59,453.48,LAN,Delhi
E004,2024-02-22,00:1B:44:11:3A:77,09:16,13:09,AP3,-78,125.75,LAN,Delhi
E004,2024-02-28,00:1B:44:11:3A:36,08:19,11:28,AP3,-66,170.4,LAN,Delhi
E004,2024-02-28,00:1B:44:11:3A:26,10:52,14:38,AP1,-58,296.97,Wi-Fi,Delhi
E004,2024-02-29,00:1B:44:11:3A:91,09:15,11:36,AP2,-60,192.41,Wi-Fi,Delhi
E004,2024-02-29,00:1B:44:11:3A:26,09:58,13:16,AP3,-51,320.56,LAN,Delhi
E004,2024-02-29,00:1B:44:11:3A:96,10:13,13:56,AP3,-75,319.84,Wi-Fi,Delhi
E004,2024-03-01,00:1B:44:11:3A:86,08:04,11:12,AP3,-79,347.42,LAN,Delhi
E004,2024-03-04,00:1B:44:11:3A:30,09:25,11:32,AP1,-48,347.7,LAN,Delhi
E004,2024-03-05,00:1B:44:11:3A:69,10:21,12:44,AP3,-70,275.64,LAN,Delhi
E004,2024-03-06,00:1B:44:11:3A:10,10:28,13:34,AP1,-54,116.85,LAN,Delhi
E004,2024-03-06,00:1B:44:11:3A:16,08:55,11:16,AP1,-72,443.2,LAN,Delhi
E004,2024-03-11,00:1B:44:11:3A:58,10:30,13:37,AP2,-49,83.58,Wi-Fi,Delhi
E004,2024-03-11,00:1B:44:11:3A:52,08:44,10:54,AP2,-80,161.28,Wi-Fi,Delhi
E004,2024-03-13,00:1B:44:11:3A:66,09:20,12:57,AP3,-73,209.04,Wi-Fi,Delhi
E004,2024-03-13,00:1B:44:11:3A:86,09:49,12:13,AP3,-49,357.57,LAN,Delhi
E004,2024-03-13,00:1B:44:11:3A:61,10:29,13:31,AP1,-51,451.52,LAN,Delhi
E004,2024-03-14,00:1B:44:11:3A:47,09:24,12:21,AP1,-50,396.7,Wi-Fi,Delhi
E004,2024-03-14,00:1B:44:11:3A:22,09:47,12:30,AP2,-43,87.69,Wi-Fi,Delhi
E004,2024-03-14,00:1B:44:11:3A:31,09:30,11:42,AP2,-68,247.06,Wi-Fi,Delhi
E004,2024-03-15,00:1B:44:11:3A:14,10:44,13:29,AP2,-57,153.53,LAN,Delhi
E004,2024-03-18,00:1B:44:11:3A:90,09:55,13:54,AP1,-47,104.44,Wi-Fi,Delhi
E004,2024-03-18,00:1B:44:11:3A:18,08:02,10:59,AP2,-78,342.53,LAN,Delhi
E004,2024-03-18,00:1B:44:11:3A:99,10:30,13:26,AP2,-72,80.55,LAN,Delhi
E004,2024-03-20,00:1B:44:11:3A:72,10:45,13:11,AP3,-63,278.03,Wi-Fi,Delhi
E004,2024-03-20,00:1B:44:11:3A:61,08:30,11:23,AP1,-48,292.02,Wi-Fi,Delhi
E004,2024-03-21,00:1B:44:11:3A:69,09:20,11:23,AP1,-67,350.88,Wi-Fi,Delhi
E004,2024-03-21,00:1B:44:11:3A:27,10:17,12:54,AP3,-57,427.69,Wi-Fi,Delhi
E004,2024-03-22,00:1B:44:11:3A:16,08:28,11:00,AP1,-50,405.71,Wi-Fi,Delhi
E004,2024-03-22,00:1B:44:11:3A:56,10:10,13:26,AP3,-50,300.98,LAN,Delhi
E004,2024-03-22,00:1B:44:11:3A:77,10:45,14:43,AP2,-77,469.53,Wi-Fi,Delhi
E004,2024-03-27,00:1B:44:11:3A:20,10:43,13:12,AP1,-75,395.98,LAN,Delhi
E004,2024-03-27,00:1B:44:11:3A:88,10:00,13:53,AP3,-72,408.89,Wi-Fi,Delhi
E004,2024-03-29,00:1B:44:11:3A:12,08:47,11:55,AP3,-66,193.74,LAN,Delhi
E004,2024-03-29,00:1B:44:11:3A:93,08:46,12:36,AP1,-42,85.44,LAN,Delhi
E004,2024-04-03,00:1B:44:11:3A:94,10:55,13:47,AP2,-51,176.56,LAN,Delhi
E004,2024-04-03,00:1B:44:11:3A:17,09:30,12:55,AP2,-62,352.63,Wi-Fi,Delhi
E004,2024-04-03,00:1B:44:11:3A:92,10:58,14:22,AP1,-65,50.21,Wi-Fi,Delhi
E004,2024-04-05,00:1B:44:11:3A:82,09:06,12:55,AP2,-45,419.96,LAN,Delhi
E004,2024-04-09,00:1B:44:11:3A:88,10:24,13:01,AP2,-61,331.34,Wi-Fi,Delhi
E004,2024-04-09,00:1B:44:11:3A:51,10:30,13:35,AP3,-76,274.72,Wi-Fi,Delhi
E004,2024-04-10,00:1B:44:11:3A:93,10:24,13:56,AP3,-70,60.85,LAN,Delhi
E004,2024-04-11,00:1B:44:11:3A:97,10:33,12:48,AP2,-79,55.8,LAN,Delhi
E004,2024-04-15,00:1B:44:11:3A:47,09:23,11:46,AP2,-41,91.95,LAN,Delhi
E004,2024-04-15,00:1B:44:11:3A:17,10:16,12:43,AP2,-70,323.56,Wi-Fi,Delhi
E004,2024-04-15,00:1B:44:11:3A:23,10:59,13:21,AP1,-71,112.1,Wi-Fi,Delhi
E004,2024-04-16,00:1B:44:11:3A:48,09:45,12:08,AP2,-53,499.32,LAN,Delhi
E004,2024-04-16,00:1B:44:11:3A:52,10:09,13:05,AP2,-79,443.41,LAN,Delhi
E004,2024-04-16,00:1B:44:11:3A:88,09:48,13:29,AP2,-64,197.51,Wi-Fi,Delhi
E004,2024-04-18,00:1B:44:11:3A:47,09:35,11:36,AP1,-43,138.32,LAN,Delhi
E004,2024-04-18,00:1B:44:11:3A:66,09:43,11:52,AP2,-61,169.77,Wi-Fi,Delhi
E004,2024-04-22,00:1B:44:11:3A:12,09:04,12:25,AP1,-56,220.84,Wi-Fi,Delhi
E004,2024-04-22,00:1B:44:11:3A:26,09:10,11:29,AP3,-67,283.26,LAN,Delhi
E004,2024-04-23,00:1B:44:11:3A:32,10:33,12:45,AP2,-59,464.76,Wi-Fi,Delhi
E004,2024-04-23,00:1B:44:11:3A:41,10:26,13:45,AP1,-61,238.05,LAN,Delhi
E004,2024-04-24,00:1B:44:11:3A:31,10:29,14:11,AP3,-51,319.94,Wi-Fi,Delhi
E004,2024-04-24,00:1B:44:11:3A:66,09:20,11:40,AP3,-54,481.21,LAN,Delhi
E004,2024-04-26,00:1B:44:11:3A:82,09:02,11:54,AP1,-42,410.96,LAN,Delhi
E004,2024-05-02,00:1B:44:11:3A:75,09:30,12:24,AP1,-76,70.82,LAN,Delhi
E004,2024-05-02,00:1B:44:11:3A:48,08:43,12:15,AP1,-41,446.89,LAN,Delhi
E004,2024-05-06,00:1B:44:11:3A:40,09:09,12:54,AP3,-49,260.95,Wi-Fi,Delhi
E004,2024-05-06,00:1B:44:11:3A:77,08:02,11:48,AP2,-63,275.87,Wi-Fi,Delhi
E004,2024-05-06,00:1B:44:11:3A:34,08:21,10:51,AP1,-70,294.7,LAN,Delhi
E004,2024-05-09,00:1B:44:11:3A:58,10:24,12:37,AP2,-71,288.97,Wi-Fi,Delhi
E004,2024-05-09,00:1B:44:11:3A:62,10:56,14:18,AP1,-57,197.32,Wi-Fi,Delhi
E004,2024-05-10,00:1B:44:11:3A:85,08:27,11:42,AP1,-52,123.44,LAN,Delhi
E004,2024-05-13,00:1B:44:11:3A:22,08:06,11:18,AP1,-73,188.38,LAN,Delhi
E004,2024-05-13,00:1B:44:11:3A:87,08:21,11:43,AP2,-66,86.99,Wi-Fi,Delhi
E004,2024-05-13,00:1B:44:11:3A:90,10:43,14:42,AP1,-76,197.59,Wi-Fi,Delhi
E004,2024-05-14,00:1B:44:11:3A:61,08:19,10:51,AP1,-53,125.46,Wi-Fi,Delhi
E004,2024-05-15,00:1B:44:11:3A:41,08:00,11:13,AP2,-71,386.97,Wi-Fi,Delhi
E004,2024-05-15,00:1B:44:11:3A:42,08:44,12:05,AP3,-63,498.57,LAN,Delhi
E004,2024-05-15,00:1B:44:11:3A:17,09:39,11:42,AP1,-43,398.24,LAN,Delhi
E004,2024-05-16,00:1B:44:11:3A:75,10:42,14:03,AP1,-45,373.96,LAN,Delhi
E004,2024-05-16,00:1B:44:11:3A:15,08:53,12:43,AP2,-68,188.32,Wi-Fi,Delhi
E004,2024-05-20,00:1B:44:11:3A:45,08:30,11:58,AP2,-56,460.56,Wi-Fi,Delhi
E004,2024-05-20,00:1B:44:11:3A:40,08:49,11:43,AP3,-43,391.39,LAN,Delhi
E004,2024-05-20,00:1B:44:11:3A:83,10:40,14:05,AP2,-78,150.52,LAN,Delhi
E004,2024-05-22,00:1B:44:11:3A:93,10:54,14:17,AP3,-59,211.82,Wi-Fi,Delhi
E004,2024-05-22,00:1B:44:11:3A:77,08:46,12:41,AP2,-66,148.19,LAN,Delhi
E004,2024-05-22,00:1B:44:11:3A:26,10:09,12:54,AP3,-57,75.63,LAN,Delhi
E004,2024-05-24,00:1B:44:11:3A:72,09:33,13:10,AP3,-54,469.35,LAN,Delhi
E004,2024-05-27,00:1B:44:11:3A:63,10:27,13:00,AP2,-42,376.61,LAN,Delhi
E004,2024-05-27,00:1B:44:11:3A:61,09:12,11:22,AP2,-59,310.1,Wi-Fi,Delhi
E004,2024-05-27,00:1B:44:11:3A:65,10:57,13:22,AP3,-77,174.17,Wi-Fi,Delhi
E004,2024-05-28,00:1B:44:11:3A:92,09:20,12:20,AP2,-62,389.01,Wi-Fi,Delhi
E004,2024-05-28,00:1B:44:11:3A:23,10:04,13:38,AP2,-64,228.56,LAN,Delhi
E004,2024-05-29,00:1B:44:11:3A:16,08:54,11:36,AP1,-73,373.58,Wi-Fi,Delhi
E004,2024-05-30,00:1B:44:11:3A:71,08:16,10:27,AP3,-63,59.05,Wi-Fi,Delhi
E004,2024-05-30,00:1B:44:11:3A:30,10:25,12:30,AP2,-50,448.55,LAN,Delhi
E004,2024-05-30,00:1B:44:11:3A:71,08:41,11:08,AP3,-52,477.58,LAN,Delhi
E004,2024-05-31,00:1B:44:11:3A:29,08:56,12:50,AP1,-66,193.42,LAN,Delhi
E004,2024-05-31,00:1B:44:11:3A:86,10:50,13:31,AP2,-74,393.97,LAN,Delhi
E004,2024-05-31,00:1B:44:11:3A:23,08:20,11:20,AP3,-45,117.49,Wi-Fi,Delhi
E004,2024-06-03,00:1B:44:11:3A:35,10:38,13:41,AP1,-72,278.12,Wi-Fi,Delhi
E004,2024-06-03,00:1B:44:11:3A:21,10:10,13:39,AP2,-45,445.09,LAN,Delhi
E004,2024-06-03,00:1B:44:11:3A:54,10:59,13:52,AP1,-44,221.61,LAN,Delhi
E004,2024-06-04,00:1B:44:11:3A:33,09:10,12:13,AP1,-80,334.09,Wi-Fi,Delhi
E004,2024-06-04,00:1B:44:11:3A:90,10:21,12:40,AP3,-74,371.33,Wi-Fi,Delhi
E004,2024-06-04,00:1B:44:11:3A:31,10:00,12:54,AP3,-65,267.02,Wi-Fi,Delhi
E004,2024-06-12,00:1B:44:11:3A:21,10:43,14:21,AP2,-67,204.88,Wi-Fi,Delhi
E004,2024-06-12,00:1B:44:11:3A:38,09:52,12:15,AP2,-76,428.73,LAN,Delhi
E004,2024-06-13,00:1B:44:11:3A:33,10:28,12:52,AP3,-61,314.53,LAN,Delhi
E004,2024-06-17,00:1B:44:11:3A:84,09:31,12:49,AP3,-49,335.58,LAN,Delhi
E004,2024-06-18,00:1B:44:11:3A:78,09:35,12:07,AP1,-51,408.44,LAN,Delhi
E004,2024-06-18,00:1B:44:11:3A:24,08:42,12:37,AP3,-67,98.04,LAN,Delhi
E004,2024-06-19,00:1B:44:11:3A:35,08:10,11:31,AP2,-78,93.85,Wi-Fi,Delhi
E004,2024-06-19,00:1B:44:11:3A:22,08:12,10:14,AP1,-43,440.32,LAN,Delhi
E004,2024-06-19,00:1B:44:11:3A:50,10:42,12:42,AP3,-51,155.64,Wi-Fi,Delhi
E004,2024-06-20,00:1B:44:11:3A:14,08:44,10:45,AP1,-49,81.02,Wi-Fi,Delhi
E004,2024-06-25,00:1B:44:11:3A:49,10:48,13:26,AP3,-63,368.56,LAN,Delhi
E004,2024-06-25,00:1B:44:11:3A:77,08:24,10:57,AP3,-48,373.56,LAN,Delhi
E004,2024-06-26,00:1B:44:11:3A:33,09:53,12:01,AP1,-67,100.92,Wi-Fi,Delhi
E004,2024-06-26,00:1B:44:11:3A:96,09:21,12:54,AP2,-77,405.99,Wi-Fi,Delhi
E004,2024-06-26,00:1B:44:11:3A:82,09:51,12:49,AP1,-63,411.01,Wi-Fi,Delhi
E004,2024-06-28,00:1B:44:11:3A:62,10:13,14:11,AP1,-43,410.33,Wi-Fi,Delhi
E004,2024-06-28,00:1B:44:11:3A:41,08:04,10:05,AP1,-42,54.37,LAN,Delhi
E005,2024-01-03,00:1B:44:11:3A:59,09:38,13:00,AP2,-41,375.75,LAN,Delhi
E005,2024-01-04,00:1B:44:11:3A:54,08:08,11:40,AP2,-67,465.09,Wi-Fi,Delhi
E005,2024-01-04,00:1B:44:11:3A:89,08:35,12:00,AP3,-53,445.63,LAN,Delhi
E005,2024-01-04,00:1B:44:11:3A:60,10:32,13:21,AP3,-68,245.2,LAN,Delhi
E005,2024-01-10,00:1B:44:11:3A:84,08:27,11:47,AP3,-58,316.71,LAN,Delhi
E005,2024-01-15,00:1B:44:11:3A:33,10:37,13:43,AP1,-49,210.65,LAN,Delhi
E005,2024-01-15,00:1B:44:11:3A:73,10:24,13:04,AP1,-58,369.53,Wi-Fi,Delhi
E005,2024-01-15,00:1B:44:11:3A:28,08:12,11:10,AP2,-80,384.35,Wi-Fi,Delhi
E005,2024-01-17,00:1B:44:11:3A:60,08:21,11:19,AP1,-77,106.41,LAN,Delhi
E005,2024-01-18,00:1B:44:11:3A:25,10:16,12:53,AP3,-54,101.57,Wi-Fi,Delhi
E005,2024-01-18,00:1B:44:11:3A:32,09:09,12:48,AP1,-42,251.16,LAN,Delhi
E005,2024-01-22,00:1B:44:11:3A:69,09:18,12:47,AP2,-50,63.81,Wi-Fi,Delhi
E005,2024-01-22,00:1B:44:11:3A:19,10:50,13:57,AP3,-55,215.37,LAN,Delhi
E005,2024-01-22,00:1B:44:11:3A:50,08:46,11:05,AP1,-41,308.91,LAN,Delhi
E005,2024-01-25,00:1B:44:11:3A:75,10:52,13:08,AP2,-71,455.29,LAN,Delhi
E005,2024-01-25,00:1B:44:11:3A:75,08:04,11:00,AP1,-67,461.49,Wi-Fi,Delhi
E005,2024-01-25,00:1B:44:11:3A:62,09:55,12:09,AP2,-70,383.31,Wi-Fi,Delhi
E005,2024-01-31,00:1B:44:11:3A:18,10:30,14:28,AP3,-68,435.25,LAN,Delhi
E005,2024-02-01,00:1B:44:11:3A:87,10:29,13:13,AP2,-76,130.7,Wi-Fi,Delhi
E005,2024-02-06,00:1B:44:11:3A:34,10:46,14:09,AP2,-44,447.05,LAN,Delhi
E005,2024-02-06,00:1B:44:11:3A:41,10:08,13:02,AP3,-77,400.4,LAN,Delhi
E005,2024-02-08,00:1B:44:11:3A:82,10:45,12:58,AP3,-46,441.84,Wi-Fi,Delhi
E005,2024-02-08,00:1B:44:11:3A:43,08:20,10:26,AP2,-57,485.85,LAN,Delhi
E005,2024-02-08,00:1B:44:11:3A:46,10:59,14:06,AP2,-66,226.32,LAN,Delhi
E005,2024-02-09,00:1B:44:11:3A:95,08:45,11:44,AP1,-57,168.68,Wi-Fi,Delhi
E005,2024-02-09,00:1B:44:11:3A:96,10:31,13:46,AP1,-73,142.12,Wi-Fi,Delhi
E005,2024-02-12,00:1B:44:11:3A:56,09:19,11:22,AP3,-70,166.41,Wi-Fi,Delhi
E005,2024-02-12,00:1B:44:11:3A:18,09:23,11:33,AP2,-78,403.51,LAN,Delhi
E005,2024-02-12,00:1B:44:11:3A:18,10:23,13:00,AP1,-79,139.93,Wi-Fi,Delhi
E005,2024-02-16,00:1B:44:11:3A:98,09:13,12:36,AP3,-41,358.84,Wi-Fi,Delhi
E005,2024-02-16,00:1B:44:11:3A:61,08:33,11:45,AP3,-43,271.61,Wi-Fi,Delhi
E005,2024-02-23,00:1B:44:11:3A:70,08:32,12:01,AP1,-58,106.38,LAN,Delhi
E005,2024-02-27,00:1B:44:11:3A:22,10:34,13:21,AP3,-60,473.56,LAN,Delhi
E005,2024-02-27,00:1B:44:11:3A:69,08:37,11:03,AP1,-53,124.86,Wi-Fi,Delhi
E005,2024-02-29,00:1B:44:11:3A:25,10:04,12:44,AP2,-41,71.06,Wi-Fi,Delhi
E005,2024-03-01,00:1B:44:11:3A:90,09:35,12:57,AP2,-77,357.63,Wi-Fi,Delhi
E005,2024-03-04,00:1B:44:11:3A:17,09:08,13:04,AP1,-72,302.03,LAN,Delhi
E005,2024-03-04,00:1B:44:11:3A:94,10:32,14:09,AP3,-73,215.22,LAN,Delhi
E005,2024-03-07,00:1B:44:11:3A:41,10:57,13:48,AP2,-47,159.07,LAN,Delhi
E005,2024-03-08,00:1B:44:11:3A:50,08:51,12:13,AP2,-52,348.31,Wi-Fi,Delhi
E005,2024-03-08,00:1B:44:11:3A:28,09:34,11:38,AP3,-41,456.8,Wi-Fi,Delhi
E005,2024-03-08,00:1B:44:11:3A:63,10:14,13:25,AP3,-72,431.67,LAN,Delhi
E005,2024-03-14,00:1B:44:11:3A:20,08:34,12:27,AP2,-64,401.28,Wi-Fi,Delhi
E005,2024-03-14,00:1B:44:11:3A:68,10:13,13:43,AP3,-48,249.56,Wi-Fi,Delhi
E005,2024-03-14,00:1B:44:11:3A:39,08:43,12:20,AP2,-75,167.54,Wi-Fi,Delhi
E005,2024-03-15,00:1B:44:11:3A:43,10:37,13:07,AP1,-65,295.32,Wi-Fi,Delhi
E005,2024-03-15,00:1B:44:11:3A:20,08:27,10:41,AP3,-60,305.44,LAN,Delhi
E005,2024-03-18,00:1B:44:11:3A:52,10:45,13:51,AP2,-73,178.87,Wi-Fi,Delhi
E005,2024-03-20,00:1B:44:11:3A:19,09:05,13:02,AP1,-80,234.96,LAN,Delhi
E005,2024-03-21,00:1B:44:11:3A:79,10:52,13:37,AP1,-80,483.28,Wi-Fi,Delhi
E005,2024-03-21,00:1B:44:11:3A:52,10:48,12:48,AP2,-44,102.92,LAN,Delhi
E005,2024-03-27,00:1B:44:11:3A:80,09:04,11:32,AP3,-61,99.8,Wi-Fi,Delhi
E005,2024-03-28,00:1B:44:11:3A:79,10:46,13:50,AP1,-62,197.62,LAN,Delhi
E005,2024-03-29,00:1B:44:11:3A:58,10:40,13:22,AP3,-78,263.75,Wi-Fi,Delhi
E005,2024-03-29,00:1B:44:11:3A:60,10:53,13:10,AP1,-79,54.2,Wi-Fi,Delhi
E005,2024-03-29,00:1B:44:11:3A:77,10:38,13:24,AP3,-75,172.52,Wi-Fi,Delhi
E005,2024-04-01,00:1B:44:11:3A:93,08:19,10:52,AP3,-56,61.24,Wi-Fi,Delhi
E005,2024-04-01,00:1B:44:11:3A:41,09:51,12:44,AP3,-59,62.54,Wi-Fi,Delhi
E005,2024-04-01,00:1B:44:11:3A:62,09:24,13:15,AP3,-77,456.3,Wi-Fi,Delhi
E005,2024-04-02,00:1B:44:11:3A:85,08:30,11:00,AP1,-72,452.91,Wi-Fi,Delhi
E005,2024-04-02,00:1B:44:11:3A:23,09:25,12:05,AP2,-64,250.04,Wi-Fi,Delhi
E005,2024-04-12,00:1B:44:11:3A:64,10:37,12:59,AP3,-48,481.6,LAN,Delhi
E005,2024-04-16,00:1B:44:11:3A:63,08:09,10:42,AP3,-78,323.35,Wi-Fi,Delhi
E005,2024-04-22,00:1B:44:11:3A:40,08:18,10:25,AP3,-58,313.57,LAN,Delhi
E005,2024-04-22,00:1B:44:11:3A:13,08:25,11:45,AP3,-54,131.3,Wi-Fi,Delhi
E005,2024-04-23,00:1B:44:11:3A:99,08:37,12:34,AP1,-63,332.46,Wi-Fi,Delhi
E005,2024-04-23,00:1B:44:11:3A:29,10:04,12:39,AP1,-46,312.88,LAN,Delhi
E005,2024-04-23,00:1B:44:11:3A:35,09:45,13:21,AP1,-49,457.78,Wi-Fi,Delhi
E005,2024-04-25,00:1B:44:11:3A:95,10:59,13:24,AP1,-42,294.94,Wi-Fi,Delhi
E005,2024-04-25,00:1B:44:11:3A:19,08:57,12:43,AP3,-41,217.62,Wi-Fi,Delhi
E005,2024-04-25,00:1B:44:11:3A:58,08:52,12:36,AP3,-62,400.89,Wi-Fi,Delhi
E005,2024-04-26,00:1B:44:11:3A:53,09:04,12:59,AP3,-58,392.31,Wi-Fi,Delhi
E005,2024-04-26,00:1B:44:11:3A:63,10:51,13:33,AP2,-51,423.36,LAN,Delhi
E005,2024-04-30,00:1B:44:11:3A:42,09:15,11:50,AP3,-60,487.11,Wi-Fi,Delhi
E005,2024-04-30,00:1B:44:11:3A:43,08:07,10:59,AP1,-73,178.58,LAN,Delhi
E005,2024-04-30,00:1B:44:11:3A:34,10:29,12:48,AP2,-77,127.33,LAN,Delhi
E005,2024-05-03,00:1B:44:11:3A:82,09:31,12:47,AP3,-51,449.35,LAN,Delhi
E005,2024-05-06,00:1B:44:11:3A:88,09:11,12:25,AP3,-60,273.69,LAN,Delhi
E005,2024-05-06,00:1B:44:11:3A:50,09:02,11:36,AP3,-63,456.22,LAN,Delhi
E005,2024-05-09,00:1B:44:11:3A:95,09:01,12:30,AP2,-61,425.58,Wi-Fi,Delhi
E005,2024-05-14,00:1B:44:11:3A:53,08:15,10:38,AP3,-72,302.25,LAN,Delhi
E005,2024-05-14,00:1B:44:11:3A:29,09:00,11:39,AP1,-60,228.05,Wi-Fi,Delhi
E005,2024-05-14,00:1B:44:11:3A:25,10:36,13:59,AP1,-80,167.13,Wi-Fi,Delhi
E005,2024-05-20,00:1B:44:11:3A:12,10:54,13:15,AP2,-40,475.63,Wi-Fi,Delhi
E005,2024-05-20,00:1B:44:11:3A:42,09:22,12:57,AP1,-50,323.16,Wi-Fi,Delhi
E005,2024-05-21,00:1B:44:11:3A:73,08:12,12:03,AP2,-53,443.16,Wi-Fi,Delhi
E005,2024-05-21,00:1B:44:11:3A:65,10:05,13:57,AP3,-73,133.59,Wi-Fi,Delhi
E005,2024-05-21,00:1B:44:11:3A:65,09:22,11:40,AP3,-49,468.85,LAN,Delhi
E005,2024-05-22,00:1B:44:11:3A:17,08:20,12:04,AP2,-49,137.12,Wi-Fi,Delhi
E005,2024-05-22,00:1B:44:11:3A:69,08:00,11:21,AP3,-72,195.11,LAN,Delhi
E005,2024-05-22,00:1B:44:11:3A:69,10:19,12:40,AP1,-72,188.14,LAN,Delhi
E005,2024-05-23,00:1B:44:11:3A:66,09:44,13:33,AP3,-67,377.86,LAN,Delhi
E005,2024-05-23,00:1B:44:11:3A:17,09:44,13:19,AP2,-70,84.98,LAN,Delhi
E005,2024-05-24,00:1B:44:11:3A:53,08:18,11:01,AP1,-56,111.85,LAN,Delhi
E005,2024-05-24,00:1B:44:11:3A:51,09:43,12:35,AP1,-46,402.51,LAN,Delhi
E005,2024-05-28,00:1B:44:11:3A:98,09:17,11:57,AP1,-53,62.4,LAN,Delhi
E005,2024-05-29,00:1B:44:11:3A:76,08:46,10:59,AP1,-47,281.6,LAN,Delhi
E005,2024-05-30,00:1B:44:11:3A:13,09:08,12:44,AP3,-62,299.06,LAN,Delhi
E005,2024-05-30,00:1B:44:11:3A:44,10:04,12:32,AP3,-47,462.05,LAN,Delhi
E005,2024-05-31,00:1B:44:11:3A:92,09:40,11:53,AP2,-56,304.13,Wi-Fi,Delhi
E005,2024-05-31,00:1B:44:11:3A:44,08:02,10:47,AP3,-77,415.66,Wi-Fi,Delhi
E005,2024-06-03,00:1B:44:11:3A:37,08:25,12:04,AP1,-48,479.56,LAN,Delhi
E005,2024-06-03,00:1B:44:11:3A:41,10:48,12:51,AP2,-74,98.17,LAN,Delhi
E005,2024-06-03,00:1B:44:11:3A:23,10:12,13:08,AP3,-60,189.98,Wi-Fi,Delhi
E005,2024-06-04,00:1B:44:11:3A:34,08:43,10:49,AP2,-78,347.56,Wi-Fi,Delhi
E005,2024-06-04,00:1B:44:11:3A:58,08:20,10:29,AP3,-76,498.52,LAN,Delhi
E005,2024-06-05,00:1B:44:11:3A:21,09:58,12:42,AP3,-41,194.02,LAN,Delhi
E005,2024-06-11,00:1B:44:11:3A:54,08:39,11:09,AP3,-51,67.87,LAN,Delhi
E005,2024-06-11,00:1B:44:11:3A:36,09:28,11:34,AP2,-79,159.9,LAN,Delhi
E005,2024-06-12,00:1B:44:11:3A:99,09:41,12:40,AP1,-70,477.63,LAN,Delhi
E005,2024-06-12,00:1B:44:11:3A:24,10:46,12:57,AP3,-68,463.86,Wi-Fi,Delhi
E005,2024-06-12,00:1B:44:11:3A:15,09:47,13:08,AP2,-72,253.57,Wi-Fi,Delhi
E005,2024-06-13,00:1B:44:11:3A:59,09:24,12:27,AP1,-76,334.35,LAN,Delhi
E005,2024-06-13,00:1B:44:11:3A:97,09:24,11:40,AP3,-54,62.59,Wi-Fi,Delhi
E005,2024-06-13,00:1B:44:11:3A:91,08:25,11:30,AP1,-61,481.2,LAN,Delhi
E005,2024-06-14,00:1B:44:11:3A:63,08:49,12:09,AP1,-43,283.22,LAN,Delhi
E005,2024-06-14,00:1B:44:11:3A:37,08:51,11:23,AP1,-64,382.06,Wi-Fi,Delhi
E005,2024-06-14,00:1B:44:11:3A:36,08:36,11:01,AP3,-68,358.37,Wi-Fi,Delhi
E005,2024-06-18,00:1B:44:11:3A:43,08:12,11:36,AP2,-56,287.25,Wi-Fi,Delhi
E005,2024-06-18,00:1B:44:11:3A:78,09:23,12:35,AP2,-47,143.05,Wi-Fi,Delhi
E005,2024-06-18,00:1B:44:11:3A:23,10:21,12:22,AP3,-63,183.53,LAN,Delhi
E005,2024-06-19,00:1B:44:11:3A:85,10:36,12:51,AP1,-80,196.32,LAN,Delhi
E005,2024-06-21,00:1B:44:11:3A:46,10:33,13:34,AP2,-80,399.22,LAN,Delhi
E005,2024-06-21,00:1B:44:11:3A:51,09:33,13:07,AP2,-54,232.46,LAN,Delhi
E005,2024-06-21,00:1B:44:11:3A:15,09:34,12:00,AP1,-44,474.83,Wi-Fi,Delhi
E005,2024-06-28,00:1B:44:11:3A:85,10:20,13:04,AP1,-71,487.2,Wi-Fi,Delhi
E005,2024-06-28,00:1B:44:11:3A:95,10:05,12:05,AP3,-53,220.44,LAN,Delhi
E006,2024-01-01,00:1B:44:11:3A:82,09:36,12:32,AP1,-80,119.97,Wi-Fi,Mumbai
E006,2024-01-01,00:1B:44:11:3A:17,08:00,11:50,AP3,-54,258.05,LAN,Mumbai
E006,2024-01-02,00:1B:44:11:3A:82,09:31,12:03,AP2,-42,275.33,Wi-Fi,Mumbai
E006,2024-01-03,00:1B:44:11:3A:16,10:00,12:13,AP2,-46,248.06,Wi-Fi,Mumbai
E006,2024-01-03,00:1B:44:11:3A:12,08:00,10:42,AP3,-50,342.92,LAN,Mumbai
E006,2024-01-03,00:1B:44:11:3A:51,08:20,12:18,AP2,-55,400.8,LAN,Mumbai
E006,2024-01-04,00:1B:44:11:3A:14,10:23,13:26,AP1,-62,417.34,LAN,Mumbai
E006,2024-01-04,00:1B:44:11:3A:67,09:15,11:57,AP2,-70,454.42,Wi-Fi,Mumbai
E006,2024-01-05,00:1B:44:11:3A:15,10:50,13:38,AP2,-61,463.41,LAN,Mumbai
E006,2024-01-08,00:1B:44:11:3A:65,10:49,14:21,AP3,-55,101.14,Wi-Fi,Mumbai
E006,2024-01-08,00:1B:44:11:3A:60,10:34,13:30,AP3,-58,187.94,LAN,Mumbai
E006,2024-01-09,00:1B:44:11:3A:44,08:03,11:00,AP2,-45,97.94,LAN,Mumbai
E006,2024-01-10,00:1B:44:11:3A:80,10:50,14:47,AP1,-50,111.6,Wi-Fi,Mumbai
E006,2024-01-11,00:1B:44:11:3A:63,09:01,12:11,AP2,-44,87.43,LAN,Mumbai
E006,2024-01-11,00:1B:44:11:3A:57,09:44,13:26,AP2,-46,312.02,LAN,Mumbai
E006,2024-01-12,00:1B:44:11:3A:70,10:08,13:05,AP3,-59,380.32,LAN,Mumbai
E006,2024-01-15,00:1B:44:11:3A:11,08:15,12:09,AP2,-44,211.99,Wi-Fi,Mumbai
E006,2024-01-16,00:1B:44:11:3A:24,09:11,11:41,AP3,-54,242.03,LAN,Mumbai
E006,2024-01-16,00:1B:44:11:3A:73,08:05,10:17,AP2,-43,318.56,LAN,Mumbai
E006,2024-01-16,00:1B:44:11:3A:79,08:16,10:30,AP1,-55,135.42,Wi-Fi,Mumbai
E006,2024-01-17,00:1B:44:11:3A:47,08:28,12:12,AP2,-75,499.93,Wi-Fi,Mumbai
E006,2024-01-17,00:1B:44:11:3A:98,10:04,13:23,AP3,-48,375.33,LAN,Mumbai
E006,2024-01-17,00:1B:44:11:3A:73,10:36,13:20,AP2,-46,147.3,Wi-Fi,Mumbai
E006,2024-01-18,00:1B:44:11:3A:52,08:54,11:21,AP3,-57,181.78,Wi-Fi,Mumbai
E006,2024-01-18,00:1B:44:11:3A:33,08:09,10:11,AP1,-52,150.08,LAN,Mumbai
E006,2024-01-19,00:1B:44:11:3A:98,08:36,12:20,AP3,-75,349.82,Wi-Fi,Mumbai
E006,2024-01-19,00:1B:44:11:3A:48,09:33,13:13,AP2,-54,385.79,LAN,Mumbai
E006,2024-01-19,00:1B:44:11:3A:57,08:16,11:49,AP3,-40,75.91,LAN,Mumbai
E006,2024-01-22,00:1B:44:11:3A:33,09:55,12:00,AP1,-63,209.1,LAN,Mumbai
E006,2024-01-23,00:1B:44:11:3A:69,10:15,12:43,AP2,-40,94.07,Wi-Fi,Mumbai
E006,2024-01-23,00:1B:44:11:3A:92,08:19,10:39,AP2,-63,455.35,LAN,Mumbai
E006,2024-01-24,00:1B:44:11:3A:77,08:34,10:42,AP3,-66,343.53,Wi-Fi,Mumbai
E006,2024-01-25,00:1B:44:11:3A:44,09:51,12:30,AP3,-57,337.33,Wi-Fi,Mumbai
E006,2024-01-26,00:1B:44:11:3A:97,09:53,13:21,AP2,-50,313.35,Wi-Fi,Mumbai
E006,2024-01-26,00:1B:44:11:3A:44,10:25,12:40,AP3,-73,151.51,LAN,Mumbai
E006,2024-01-26,00:1B:44:11:3A:79,10:55,13:08,AP3,-60,192.37,Wi-Fi,Mumbai
E006,2024-01-29,00:1B:44:11:3A:56,08:53,12:23,AP1,-55,370.04,LAN,Mumbai
E006,2024-01-29,00:1B:44:11:3A:11,09:40,11:45,AP2,-52,386.68,LAN,Mumbai
E006,2024-01-30,00:1B:44:11:3A:64,08:32,12:25,AP2,-49,262.23,Wi-Fi,Mumbai
E006,2024-01-30,00:1B:44:11:3A:45,08:22,11:01,AP1,-47,51.23,LAN,Mumbai
E006,2024-01-31,00:1B:44:11:3A:63,09:49,13:42,AP2,-75,74.91,LAN,Mumbai
E006,2024-01-31,00:1B:44:11:3A:58,08:52,11:50,AP3,-66,251.09,LAN,Mumbai
E006,2024-01-31,00:1B:44:11:3A:90,09:20,12:26,AP1,-63,84.63,LAN,Mumbai
E006,2024-02-01,00:1B:44:11:3A:35,08:12,10:18,AP2,-73,299.7,Wi-Fi,Mumbai
E006,2024-02-02,00:1B:44:11:3A:15,10:32,13:02,AP1,-51,413.07,Wi-Fi,Mumbai
E006,2024-02-02,00:1B:44:11:3A:19,09:05,11:32,AP3,-51,117.53,LAN,Mumbai
E006,2024-02-02,00:1B:44:11:3A:36,08:27,11:31,AP1,-41,312.9,Wi-Fi,Mumbai
E006,2024-02-05,00:1B:44:11:3A:67,10:41,13:16,AP3,-66,281.45,LAN,Mumbai
E006,2024-02-05,00:1B:44:11:3A:25,09:00,11:48,AP2,-56,143.31,LAN,Mumbai
E006,2024-02-06,00:1B:44:11:3A:64,10:24,13:04,AP1,-59,205.32,LAN,Mumbai
E006,2024-02-07,00:1B:44:11:3A:61,08:15,10:42,AP2,-56,125.1,Wi-Fi,Mumbai
E006,2024-02-07,00:1B:44:11:3A:58,08:58,12:38,AP1,-62,96.0,Wi-Fi,Mumbai
E006,2024-02-08,00:1B:44:11:3A:82,09:20,13:10,AP2,-71,357.07,Wi-Fi,Mumbai
E006,2024-02-09,00:1B:44:11:3A:40,08:43,12:35,AP3,-48,400.13,Wi-Fi,Mumbai
E006,2024-02-09,00:1B:44:11:3A:28,08:51,11:14,AP3,-77,151.96,LAN,Mumbai
E006,2024-02-09,00:1B:44:11:3A:21,09:00,12:12,AP1,-65,186.9,LAN,Mumbai
E006,2024-02-12,00:1B:44:11:3A:43,10:21,14:18,AP3,-68,371.22,Wi-Fi,Mumbai
E006,2024-02-12,00:1B:44:11:3A:91,08:47,12:04,AP2,-56,388.01,LAN,Mumbai
E006,2024-02-13,00:1B:44:11:3A:83,08:58,12:30,AP3,-69,188.22,Wi-Fi,Mumbai
E006,2024-02-13,00:1B:44:11:3A:41,09:08,11:50,AP3,-65,212.34,LAN,Mumbai
E006,2024-02-13,00:1B:44:11:3A:93,09:52,12:10,AP2,-51,221.04,Wi-Fi,Mumbai
E006,2024-02-14,00:1B:44:11:3A:29,09:41,12:36,AP1,-54,262.22,Wi-Fi,Mumbai
E006,2024-02-14,00:1B:44:11:3A:16,09:24,13:01,AP3,-71,80.52,Wi-Fi,Mumbai
E006,2024-02-15,00:1B:44:11:3A:50,10:09,12:09,AP1,-49,284.62,Wi-Fi,Mumbai
E006,2024-02-15,00:1B:44:11:3A:54,09:46,13:38,AP2,-69,188.47,Wi-Fi,Mumbai
E006,2024-02-16,00:1B:44:11:3A:51,10:54,13:59,AP1,-51,241.95,LAN,Mumbai
E006,2024-02-16,00:1B:44:11:3A:83,08:20,11:16,AP2,-52,480.93,Wi-Fi,Mumbai
E006,2024-02-16,00:1B:44:11:3A:44,09:44,12:32,AP2,-59,120.31,Wi-Fi,Mumbai
E006,2024-02-19,00:1B:44:11:3A:38,09:25,12:06,AP2,-63,78.91,Wi-Fi,Mumbai
E006,2024-02-19,00:1B:44:11:3A:22,10:22,12:40,AP2,-63,293.39,Wi-Fi,Mumbai
E006,2024-02-20,00:1B:44:11:3A:85,09:01,11:31,AP3,-43,405.62,LAN,Mumbai
E006,2024-02-21,00:1B:44:11:3A:98,10:38,14:03,AP2,-42,450.81,Wi-Fi,Mumbai
E006,2024-02-22,00:1B:44:11:3A:49,10:48,13:14,AP1,-61,418.69,LAN,Mumbai
E006,2024-02-23,00:1B:44:11:3A:90,10:33,14:01,AP1,-65,460.19,Wi-Fi,Mumbai
E006,2024-02-23,00:1B:44:11:3A:74,09:34,12:34,AP1,-66,449.86,Wi-Fi,Mumbai
E006,2024-02-26,00:1B:44:11:3A:88,09:49,12:20,AP1,-75,231.53,Wi-Fi,Mumbai
E006,2024-02-27,00:1B:44:11:3A:63,10:45,13:33,AP1,-57,297.13,Wi-Fi,Mumbai
E006,2024-02-27,00:1B:44:11:3A:88,10:43,12:52,AP2,-52,419.67,Wi-Fi,Mumbai
E006,2024-02-27,00:1B:44:11:3A:50,09:04,12:50,AP2,-75,432.97,LAN,Mumbai
E006,2024-02-28,00:1B:44:11:3A:28,09:10,11:43,AP1,-41,473.4,LAN,Mumbai
E006,2024-02-28,00:1B:44:11:3A:92,08:42,11:47,AP2,-62,107.39,Wi-Fi,Mumbai
E006,2024-02-28,00:1B:44:11:3A:11,08:20,10:22,AP1,-55,238.51,Wi-Fi,Mumbai
E006,2024-02-29,00:1B:44:11:3A:16,09:48,11:52,AP2,-64,360.04,Wi-Fi,Mumbai
E006,2024-02-29,00:1B:44:11:3A:44,09:54,12:32,AP1,-41,63.77,Wi-Fi,Mumbai
E006,2024-02-29,00:1B:44:11:3A:89,10:45,12:49,AP3,-78,282.0,LAN,Mumbai
E006,2024-03-01,00:1B:44:11:3A:68,08:26,11:29,AP3,-71,284.09,Wi-Fi,Mumbai
E006,2024-03-01,00:1B:44:11:3A:10,10:59,13:38,AP3,-61,155.79,Wi-Fi,Mumbai
E006,2024-03-04,00:1B:44:11:3A:56,10:00,13:51,AP2,-68,467.19,Wi-Fi,Mumbai
E006,2024-03-04,00:1B:44:11:3A:51,08:25,11:21,AP3,-65,496.14,LAN,Mumbai
E006,2024-03-05,00:1B:44:11:3A:78,08:02,11:19,AP2,-74,162.22,Wi-Fi,Mumbai
E006,2024-03-05,00:1B:44:11:3A:75,10:11,13:23,AP2,-56,425.29,LAN,Mumbai
E006,2024-03-05,00:1B:44:11:3A:23,08:45,12:27,AP2,-79,334.94,Wi-Fi,Mumbai
E006,2024-03-06,00:1B:44:11:3A:48,09:42,12:02,AP3,-40,483.66,LAN,Mumbai
E006,2024-03-06,00:1B:44:11:3A:81,10:41,14:01,AP1,-49,337.28,Wi-Fi,Mumbai
E006,2024-03-06,00:1B:44:11:3A:76,08:58,11:40,AP1,-63,224.36,LAN,Mumbai
E006,2024-03-07,00:1B:44:11:3A:71,10:40,13:40,AP3,-41,469.46,Wi-Fi,Mumbai
E006,2024-03-07,00:1B:44:11:3A:56,10:48,13:22,AP3,-78,218.41,LAN,Mumbai
E006,2024-03-08,00:1B:44:11:3A:31,09:50,12:38,AP3,-43,428.83,Wi-Fi,Mumbai
E006,2024-03-08,00:1B:44:11:3A:50,09:32,13:20,AP1,-76,96.71,LAN,Mumbai
E006,2024-03-11,00:1B:44:11:3A:60,09:28,11:32,AP1,-71,187.32,Wi-Fi,Mumbai
E006,2024-03-11,00:1B:44:11:3A:72,09:17,12:48,AP3,-70,125.9,LAN,Mumbai
E006,2024-03-11,00:1B:44:11:3A:71,08:21,10:24,AP2,-44,364.42,LAN,Mumbai
E006,2024-03-12,00:1B:44:11:3A:61,10:42,14:22,AP2,-59,418.56,LAN,Mumbai
E006,2024-03-13,00:1B:44:11:3A:27,08:08,12:00,AP1,-65,457.14,Wi-Fi,Mumbai
E006,2024-03-13,00:1B:44:11:3A:32,09:32,13:31,AP3,-79,460.86,LAN,Mumbai
E006,2024-03-13,00:1B:44:11:3A:65,09:53,12:46,AP3,-69,317.96,Wi-Fi,Mumbai
E006,2024-03-14,00:1B:44:11:3A:66,10:05,13:46,AP2,-79,396.02,Wi-Fi,Mumbai
E006,2024-03-14,00:1B:44:11:3A:15,10:56,13:26,AP3,-78,485.84,LAN,Mumbai
E006,2024-03-14,00:1B:44:11:3A:97,08:48,11:13,AP3,-55,91.06,Wi-Fi,Mumbai
E006,2024-03-15,00:1B:44:11:3A:55,08:59,11:48,AP1,-62,402.51,LAN,Mumbai
E006,2024-03-18,00:1B:44:11:3A:49,09:00,12:08,AP2,-75,193.64,Wi-Fi,Mumbai
E006,2024-03-18,00:1B:44:11:3A:27,08:59,12:26,AP3,-61,66.69,Wi-Fi,Mumbai
E006,2024-03-18,00:1B:44:11:3A:61,08:19,10:52,AP2,-53,54.99,LAN,Mumbai
E006,2024-03-19,00:1B:44:11:3A:91,09:52,12:07,AP3,-62,178.41,Wi-Fi,Mumbai
E006,2024-03-19,00:1B:44:11:3A:96,09:03,12:35,AP1,-72,225.62,LAN,Mumbai
E006,2024-03-19,00:1B:44:11:3A:68,10:28,14:00,AP3,-42,172.98,Wi-Fi,Mumbai
E006,2024-03-20,00:1B:44:11:3A:65,10:17,12:37,AP3,-69,301.58,LAN,Mumbai
E006,2024-03-20,00:1B:44:11:3A:17,10:30,13:47,AP2,-66,277.42,Wi-Fi,Mumbai
E006,2024-03-20,00:1B:44:11:3A:87,10:17,13:40,AP1,-63,457.36,LAN,Mumbai
E006,2024-03-21,00:1B:44:11:3A:31,10:46,13:31,AP2,-79,248.31,Wi-Fi,Mumbai
E006,2024-03-21,00:1B:44:11:3A:73,08:50,11:54,AP1,-41,495.21,LAN,Mumbai
E006,2024-03-22,00:1B:44:11:3A:24,08:41,12:25,AP3,-55,173.81,LAN,Mumbai
E006,2024-03-22,00:1B:44:11:3A:94,09:47,12:21,AP2,-59,432.73,Wi-Fi,Mumbai
E006,2024-03-25,00:1B:44:11:3A:51,09:25,12:21,AP3,-45,427.79,Wi-Fi,Mumbai
E006,2024-03-26,00:1B:44:11:3A:54,09:51,13:02,AP3,-76,126.96,Wi-Fi,Mumbai
E006,2024-03-26,00:1B:44:11:3A:95,10:40,14:13,AP2,-69,92.84,LAN,Mumbai
E006,2024-03-27,00:1B:44:11:3A:29,08:00,11:44,AP3,-76,257.7,LAN,Mumbai
E006,2024-03-27,00:1B:44:11:3A:81,09:19,13:11,AP2,-80,52.27,LAN,Mumbai
E006,2024-03-27,00:1B:44:11:3A:38,10:40,13:51,AP3,-64,411.39,LAN,Mumbai
E006,2024-03-28,00:1B:44:11:3A:66,09:01,11:54,AP2,-48,287.53,LAN,Mumbai
E006,2024-03-28,00:1B:44:11:3A:87,10:02,13:06,AP3,-55,312.61,LAN,Mumbai
E006,2024-03-29,00:1B:44:11:3A:86,08:58,11:55,AP3,-45,91.89,LAN,Mumbai
E006,2024-03-29,00:1B:44:11:3A:99,09:53,13:51,AP1,-51,104.06,Wi-Fi,Mumbai
E006,2024-03-29,00:1B:44:11:3A:36,08:40,11:42,AP2,-45,364.43,LAN,Mumbai
E006,2024-04-01,00:1B:44:11:3A:19,10:04,12:28,AP3,-65,163.74,LAN,Mumbai
E006,2024-04-02,00:1B:44:11:3A:91,10:54,14:12,AP1,-57,311.25,LAN,Mumbai
E006,2024-04-02,00:1B:44:11:3A:96,09:36,13:21,AP1,-68,95.61,Wi-Fi,Mumbai
E006,2024-04-03,00:1B:44:11:3A:19,08:55,12:39,AP1,-63,209.57,LAN,Mumbai
E006,2024-04-03,00:1B:44:11:3A:67,08:19,11:22,AP2,-72,364.92,Wi-Fi,Mumbai
E006,2024-04-04,00:1B:44:11:3A:13,10:49,14:06,AP1,-71,398.75,LAN,Mumbai
E006,2024-04-04,00:1B:44:11:3A:96,09:14,12:08,AP1,-57,455.04,Wi-Fi,Mumbai
E006,2024-04-04,00:1B:44:11:3A:49,09:31,11:49,AP1,-51,204.25,LAN,Mumbai
E006,2024-04-05,00:1B:44:11:3A:64,09:41,13:22,AP2,-57,448.25,Wi-Fi,Mumbai
E006,2024-04-05,00:1B:44:11:3A:25,09:36,12:34,AP3,-80,165.77,Wi-Fi,Mumbai
E006,2024-04-08,00:1B:44:11:3A:24,09:05,12:23,AP3,-53,477.36,Wi-Fi,Mumbai
E006,2024-04-08,00:1B:44:11:3A:75,10:31,13:44,AP1,-46,74.89,Wi-Fi,Mumbai
E006,2024-04-09,00:1B:44:11:3A:28,08:54,12:33,AP1,-43,107.27,Wi-Fi,Mumbai
E006,2024-04-09,00:1B:44:11:3A:80,09:21,11:58,AP1,-52,158.62,LAN,Mumbai
E006,2024-04-09,00:1B:44:11:3A:75,08:05,10:49,AP1,-61,452.52,LAN,Mumbai
E006,2024-04-10,00:1B:44:11:3A:22,08:30,12:29,AP2,-76,98.91,Wi-Fi,Mumbai
E006,2024-04-10,00:1B:44:11:3A:66,08:24,12:10,AP3,-78,135.38,LAN,Mumbai
E006,2024-04-10,00:1B:44:11:3A:48,10:17,12:58,AP3,-41,448.34,Wi-Fi,Mumbai
E006,2024-04-11,00:1B:44:11:3A:99,09:27,11:29,AP3,-40,219.37,Wi-Fi,Mumbai
E006,2024-04-11,00:1B:44:11:3A:41,08:57,11:15,AP1,-59,81.92,LAN,Mumbai
E006,2024-04-11,00:1B:44:11:3A:29,10:03,13:07,AP2,-52,239.38,Wi-Fi,Mumbai
E006,2024-04-12,00:1B:44:11:3A:89,10:38,13:51,AP3,-61,61.77,Wi-Fi,Mumbai
E006,2024-04-15,00:1B:44:11:3A:79,09:06,12:08,AP1,-60,470.24,LAN,Mumbai
E006,2024-04-15,00:1B:44:11:3A:42,09:04,12:00,AP3,-77,465.53,LAN,Mumbai
E006,2024-04-16,00:1B:44:11:3A:66,09:11,12:54,AP1,-48,470.55,LAN,Mumbai
E006,2024-04-16,00:1B:44:11:3A:77,10:59,13:34,AP3,-78,383.8,LAN,Mumbai
E006,2024-04-16,00:1B:44:11:3A:14,10:58,14:09,AP1,-52,153.96,LAN,Mumbai
E006,2024-04-17,00:1B:44:11:3A:11,09:11,11:12,AP2,-48,336.44,LAN,Mumbai
E006,2024-04-17,00:1B:44:11:3A:98,10:39,14:12,AP3,-70,282.74,LAN,Mumbai
E006,2024-04-18,00:1B:44:11:3A:27,09:56,12:10,AP1,-54,159.59,Wi-Fi,Mumbai
E006,2024-04-18,00:1B:44:11:3A:21,10:23,13:25,AP2,-57,253.51,Wi-Fi,Mumbai
E006,2024-04-19,00:1B:44:11:3A:33,08:40,11:03,AP2,-69,97.51,LAN,Mumbai
E006,2024-04-22,00:1B:44:11:3A:94,10:08,14:02,AP1,-74,83.56,LAN,Mumbai
E006,2024-04-22,00:1B:44:11:3A:51,09:37,13:03,AP3,-70,279.98,Wi-Fi,Mumbai
E006,2024-04-22,00:1B:44:11:3A:55,10:59,14:08,AP2,-75,204.97,Wi-Fi,Mumbai
E006,2024-04-23,00:1B:44:11:3A:55,10:55,14:17,AP1,-42,367.01,Wi-Fi,Mumbai
E006,2024-04-23,00:1B:44:11:3A:85,09:30,13:26,AP3,-62,220.49,LAN,Mumbai
E006,2024-04-24,00:1B:44:11:3A:38,10:05,12:42,AP3,-72,399.34,LAN,Mumbai
E006,2024-04-24,00:1B:44:11:3A:30,08:23,10:23,AP2,-71,59.96,LAN,Mumbai
E006,2024-04-24,00:1B:44:11:3A:55,10:50,14:05,AP2,-67,130.51,LAN,Mumbai
E006,2024-04-25,00:1B:44:11:3A:15,08:10,10:27,AP1,-75,228.11,Wi-Fi,Mumbai
E006,2024-04-25,00:1B:44:11:3A:72,10:19,14:04,AP3,-77,190.17,Wi-Fi,Mumbai
E006,2024-04-26,00:1B:44:11:3A:33,08:14,10:28,AP1,-76,57.78,LAN,Mumbai
E006,2024-04-29,00:1B:44:11:3A:56,09:05,12:21,AP1,-72,325.75,Wi-Fi,Mumbai
E006,2024-04-29,00:1B:44:11:3A:49,10:26,14:17,AP1,-73,154.94,Wi-Fi,Mumbai
E006,2024-04-30,00:1B:44:11:3A:60,10:05,12:47,AP1,-54,127.05,LAN,Mumbai
E006,2024-04-30,00:1B:44:11:3A:97,08:32,11:43,AP2,-66,130.66,Wi-Fi,Mumbai
E006,2024-04-30,00:1B:44:11:3A:10,08:02,11:09,AP3,-69,325.98,Wi-Fi,Mumbai
E006,2024-05-01,00:1B:44:11:3A:17,09:43,13:21,AP3,-71,87.52,LAN,Mumbai
E006,2024-05-01,00:1B:44:11:3A:74,10:51,13:49,AP1,-52,257.66,LAN,Mumbai
E006,2024-05-02,00:1B:44:11:3A:70,08:56,11:44,AP3,-65,449.33,Wi-Fi,Mumbai
E006,2024-05-02,00:1B:44:11:3A:90,09:02,12:34,AP3,-64,206.31,Wi-Fi,Mumbai
E006,2024-05-02,00:1B:44:11:3A:40,10:21,13:18,AP2,-71,323.84,LAN,Mumbai
E006,2024-05-03,00:1B:44:11:3A:72,08:22,11:19,AP1,-75,194.16,LAN,Mumbai
E006,2024-05-03,00:1B:44:11:3A:94,10:56,14:40,AP1,-74,132.26,Wi-Fi,Mumbai
E006,2024-05-06,00:1B:44:11:3A:86,10:12,13:30,AP1,-69,162.62,LAN,Mumbai
E006,2024-05-06,00:1B:44:11:3A:72,10:39,13:34,AP1,-45,435.63,LAN,Mumbai
E006,2024-05-07,00:1B:44:11:3A:98,08:00,11:27,AP3,-43,341.59,LAN,Mumbai
E006,2024-05-07,00:1B:44:11:3A:82,08:29,10:51,AP2,-41,86.09,Wi-Fi,Mumbai
E006,2024-05-08,00:1B:44:11:3A:75,09:40,13:23,AP1,-55,361.12,Wi-Fi,Mumbai
E006,2024-05-09,00:1B:44:11:3A:66,08:55,12:29,AP1,-50,240.93,LAN,Mumbai
E006,2024-05-09,00:1B:44:11:3A:58,09:06,11:38,AP3,-78,333.66,LAN,Mumbai
E006,2024-05-09,00:1B:44:11:3A:21,09:42,13:22,AP3,-80,291.8,LAN,Mumbai
E006,2024-05-10,00:1B:44:11:3A:91,08:41,11:05,AP1,-76,476.94,Wi-Fi,Mumbai
E006,2024-05-10,00:1B:44:11:3A:24,09:01,12:08,AP3,-58,467.46,Wi-Fi,Mumbai
E006,2024-05-10,00:1B:44:11:3A:64,09:16,12:56,AP3,-46,104.59,LAN,Mumbai
E006,2024-05-13,00:1B:44:11:3A:29,08:17,10:46,AP2,-61,197.13,LAN,Mumbai
E006,2024-05-14,00:1B:44:11:3A:40,08:14,11:11,AP3,-62,129.86,Wi-Fi,Mumbai
E006,2024-05-14,00:1B:44:11:3A:92,10:26,12:48,AP2,-76,273.17,Wi-Fi,Mumbai
E006,2024-05-15,00:1B:44:11:3A:28,10:00,13:36,AP3,-70,418.59,LAN,Mumbai
E006,2024-05-15,00:1B:44:11:3A:97,09:10,11:24,AP3,-62,164.86,Wi-Fi,Mumbai
E006,2024-05-16,00:1B:44:11:3A:15,08:11,10:31,AP2,-56,225.57,LAN,Mumbai
E006,2024-05-17,00:1B:44:11:3A:61,09:22,11:32,AP2,-74,469.57,LAN,Mumbai
E006,2024-05-17,00:1B:44:11:3A:52,09:33,13:24,AP1,-61,196.2,Wi-Fi,Mumbai
E006,2024-05-20,00:1B:44:11:3A:90,09:07,12:03,AP1,-45,388.88,Wi-Fi,Mumbai
E006,2024-05-20,00:1B:44:11:3A:24,09:00,11:49,AP2,-58,264.52,LAN,Mumbai
E006,2024-05-21,00:1B:44:11:3A:38,09:18,12:47,AP1,-65,329.89,Wi-Fi,Mumbai
E006,2024-05-22,00:1B:44:11:3A:17,08:28,11:30,AP2,-51,124.6,Wi-Fi,Mumbai
E006,2024-05-22,00:1B:44:11:3A:50,08:26,10:48,AP1,-61,125.14,Wi-Fi,Mumbai
E006,2024-05-23,00:1B:44:11:3A:33,10:14,14:07,AP1,-72,114.01,LAN,Mumbai
E006,2024-05-24,00:1B:44:11:3A:12,09:32,12:05,AP3,-56,309.59,LAN,Mumbai
E006,2024-05-24,00:1B:44:11:3A:72,10:39,13:37,AP3,-80,342.06,Wi-Fi,Mumbai
E006,2024-05-27,00:1B:44:11:3A:19,10:23,14:07,AP3,-75,208.66,Wi-Fi,Mumbai
E006,2024-05-27,00:1B:44:11:3A:41,08:30,11:58,AP1,-62,348.24,LAN,Mumbai
E006,2024-05-28,00:1B:44:11:3A:23,09:34,11:52,AP2,-59,433.04,LAN,Mumbai
E006,2024-05-28,00:1B:44:11:3A:13,09:10,12:29,AP3,-51,353.94,LAN,Mumbai
E006,2024-05-28,00:1B:44:11:3A:49,10:46,14:38,AP1,-62,416.02,LAN,Mumbai
E006,2024-05-29,00:1B:44:11:3A:22,09:30,11:38,AP2,-49,150.64,Wi-Fi,Mumbai
E006,2024-05-29,00:1B:44:11:3A:80,09:58,12:58,AP3,-78,273.96,Wi-Fi,Mumbai
E006,2024-05-29,00:1B:44:11:3A:98,09:53,13:25,AP3,-68,252.12,Wi-Fi,Mumbai
E006,2024-05-30,00:1B:44:11:3A:58,10:00,12:53,AP2,-54,127.94,Wi-Fi,Mumbai
E006,2024-05-31,00:1B:44:11:3A:44,09:53,11:59,AP3,-44,354.01,LAN,Mumbai
E006,2024-06-03,00:1B:44:11:3A:88,09:05,11:28,AP2,-71,102.16,LAN,Mumbai
E006,2024-06-04,00:1B:44:11:3A:71,09:05,12:56,AP1,-59,424.42,LAN,Mumbai
E006,2024-06-04,00:1B:44:11:3A:67,08:04,10:39,AP3,-49,148.96,LAN,Mumbai
E006,2024-06-04,00:1B:44:11:3A:78,08:38,11:41,AP3,-61,442.9,LAN,Mumbai
E006,2024-06-05,00:1B:44:11:3A:48,09:22,12:31,AP3,-69,131.67,Wi-Fi,Mumbai
E006,2024-06-05,00:1B:44:11:3A:20,09:48,12:39,AP3,-76,237.45,LAN,Mumbai
E006,2024-06-06,00:1B:44:11:3A:82,09:59,12:54,AP3,-72,107.02,Wi-Fi,Mumbai
E006,2024-06-06,00:1B:44:11:3A:88,10:59,14:15,AP1,-66,268.98,Wi-Fi,Mumbai
E006,2024-06-06,00:1B:44:11:3A:47,10:08,13:37,AP2,-49,323.54,Wi-Fi,Mumbai
E006,2024-06-07,00:1B:44:11:3A:23,10:34,14:25,AP3,-40,363.53,LAN,Mumbai
E006,2024-06-07,00:1B:44:11:3A:64,08:15,10:41,AP2,-45,111.09,LAN,Mumbai
E006,2024-06-07,00:1B:44:11:3A:33,08:12,10:45,AP1,-65,174.15,Wi-Fi,Mumbai
E006,2024-06-10,00:1B:44:11:3A:68,08:14,11:18,AP2,-53,260.78,LAN,Mumbai
E006,2024-06-10,00:1B:44:11:3A:99,08:29,11:40,AP1,-68,55.85,LAN,Mumbai
E006,2024-06-11,00:1B:44:11:3A:56,08:53,11:42,AP1,-66,417.4,LAN,Mumbai
E006,2024-06-12,00:1B:44:11:3A:53,10:39,13:33,AP2,-49,117.95,LAN,Mumbai
E006,2024-06-13,00:1B:44:11:3A:16,10:26,13:54,AP1,-51,153.64,Wi-Fi,Mumbai
E006,2024-06-13,00:1B:44:11:3A:13,08:00,10:31,AP1,-43,389.36,Wi-Fi,Mumbai
E006,2024-06-14,00:1B:44:11:3A:19,09:23,12:45,AP2,-68,217.53,Wi-Fi,Mumbai
E006,2024-06-14,00:1B:44:11:3A:49,08:28,11:26,AP2,-60,238.87,Wi-Fi,Mumbai
E006,2024-06-17,00:1B:44:11:3A:97,10:04,13:04,AP2,-71,455.27,LAN,Mumbai
E006,2024-06-17,00:1B:44:11:3A:10,09:18,11:53,AP3,-66,397.87,Wi-Fi,Mumbai
E006,2024-06-18,00:1B:44:11:3A:41,08:24,10:57,AP2,-50,416.47,LAN,Mumbai
E006,2024-06-18,00:1B:44:11:3A:61,09:52,12:44,AP2,-68,197.8,Wi-Fi,Mumbai
E006,2024-06-19,00:1B:44:11:3A:48,09:09,12:59,AP3,-79,430.91,Wi-Fi,Mumbai
E006,2024-06-19,00:1B:44:11:3A:81,10:25,13:23,AP3,-67,53.4,Wi-Fi,Mumbai
E006,2024-06-20,00:1B:44:11:3A:47,09:18,12:47,AP1,-52,275.25,Wi-Fi,Mumbai
E006,2024-06-20,00:1B:44:11:3A:14,08:01,11:26,AP1,-67,427.15,Wi-Fi,Mumbai
E006,2024-06-20,00:1B:44:11:3A:45,08:42,12:37,AP3,-63,313.85,LAN,Mumbai
E006,2024-06-21,00:1B:44:11:3A:75,09:34,13:32,AP1,-40,479.06,Wi-Fi,Mumbai
E006,2024-06-21,00:1B:44:11:3A:44,08:26,11:05,AP3,-64,62.61,Wi-Fi,Mumbai
E006,2024-06-21,00:1B:44:11:3A:32,09:45,13:33,AP2,-43,261.75,Wi-Fi,Mumbai
E006,2024-06-24,00:1B:44:11:3A:12,09:11,11:17,AP1,-57,142.91,Wi-Fi,Mumbai
E006,2024-06-24,00:1B:44:11:3A:96,09:47,13:32,AP2,-72,221.4,LAN,Mumbai
E006,2024-06-24,00:1B:44:11:3A:71,10:56,12:59,AP2,-69,365.46,LAN,Mumbai
E006,2024-06-25,00:1B:44:11:3A:24,08:03,11:02,AP1,-41,221.07,Wi-Fi,Mumbai
E006,2024-06-25,00:1B:44:11:3A:36,09:59,13:54,AP2,-63,372.6,Wi-Fi,Mumbai
E006,2024-06-26,00:1B:44:11:3A:40,09:45,13:04,AP3,-76,56.82,Wi-Fi,Mumbai
E006,2024-06-27,00:1B:44:11:3A:68,09:06,11:27,AP1,-62,335.52,Wi-Fi,Mumbai
E006,2024-06-27,00:1B:44:11:3A:93,09:47,12:31,AP3,-72,155.15,Wi-Fi,Mumbai
E006,2024-06-27,00:1B:44:11:3A:87,10:18,13:52,AP1,-52,483.26,Wi-Fi,Mumbai
E006,2024-06-28,00:1B:44:11:3A:84,09:36,12:31,AP2,-72,244.05,LAN,Mumbai
